word,mean,similar
뉴비,어떤 직업에 대한 무경험자를 지칭합니다.,초보자
Newb,어떤 직업에 대한 무경험자를 지칭합니다.,초보자
딸배,배달사원을 비하하는 말을 의미합니다.,배달원
믿거,믿고 거르는의 줄임말 입니다.,"의심의 여지 없이 걸러야 할, 믿고 거르는, 믿고 걸러야"
인조새,인생 조진 새끼의 줄임말 입니다.,"힘든 일을 겪고 있는 사람, 힘든 일을 겪고 있는 사람이"
낄끼빠빠,낄 때 끼고 빠질 때 빠져라의 줄임말 입니다.,"낄 때 끼고 빠질 때 빠진다, 낄 때 끼고 빠질 때 빠짐"
답정너,답은 정해져 있고 너는 대답만 해라의 줄임말 입니다.,"답을 정해놓은 상태에서 대답만 해라, 답을 정해놓은 상태에서 대답만 해"
비담,비주얼 담당의 줄임말 입니다.,비주얼 담당
취존,취향 존중의 줄임말 입니다.,취향존중
핑프,"핑거 프린세스의 줄임말로, 시키기만 하는 사람을 일컫는 말입니다.","시키기만 하는 사람이, 시키기만 하는 사람"
케바케,Case by case의 줄임말 입니다.,상황에 따라 다름
솔까말,솔직히 까놓고 말해서의 줄임말 입니다.,솔직히 말해서
자낳괴,자본주의가 낳은 괴물의 줄임말 입니다.,"자본주의가 낳은 괴물, 자본주의가 낳은 괴물이"
넌씨눈,넌 시X 눈치도 없냐의 줄임말 입니다.,"넌  눈치도 없다, 넌  눈치도 없음"
자만추,자연스러운 만남 추구의 줄임말 입니다.,자연스러운 만남을 추구
정줄놓,정신줄을 놓다의 줄임말 입니다.,"정신을 놓다, 정신을 놓은 사람"
정뚝떨,정이 뚝 떨어진다의 줄임말 입니다.,"정이 뚝 떨어진다, 정이 뚝 떨어지는 사람 "
애빼시,애교 빼면 시체의 줄임말 입니다.,애교를 빼면 시체
좋댓구알,좋아요 댓 글 구독 알림설정 의 줄임말 입니다.,좋아요와 댓글 구독 알림 설정
개이득,"정말로라는 뜻으로도 쓰이는 접두사 개-와 이득이 함께 쓰인 파생어로, 줄여서 ㄱㅇㄷ이라고도 사용됩니다.","정말로 유익하다, 정말로 유익, 정말로 유익함"
주린이,주식 처음 해보는 사람을 일컫는 말입니다.,주식 초보자
복돌이,불법 복제품을 사용하는 사람을 일컫는 말입니다.,복제품 사용자
덕통사고,덕후' + '교통사고' 교통사고처럼 갑작스럽게 누군가나 무언가의 덕후가 되었음을 뜻하는 표현입니다.,"덕후가 갑작스럽게 만들어지는 것, 갑자기 덕후가 됨을 "
득템,획득'의 '得' + 'Item 얻는다는 뜻의 한자인 得(득)과 영어 아이템(item)의 합성어입니다.,"아이템을 획득하는 것, 아이템을 획득"
발컨,발'+'control: 발로 하는 것처럼 컨트롤을 못하는 것을 의미합니다.,"컨트롤하지 못하는 것, 컨트롤 못"
어쩔티비,어쩌라고 가서 티비나 봐의 줄임말 입니다.,어쩌라고
웃프네,웃기면서 슬픈 상황을 의미합니다.,웃기고 슬프네
웃프다,웃기면서 슬픈 상황을 의미합니다.,웃기고 슬프다
역대급,(역)사에 남을만한 (대)단히 높은 (급)이라는 뜻입니다.,역사적인 수준의 높음
자존감,자존심'의 '自尊' + 감정을 나타내는 접미어의 합성어입니다.,자아 존중감
미러링,컴퓨터 기술 용어지만 적대 진영에 대해 똑같은 방법으로 응징한다는 뜻입니다.,반대로 응징하는 것
밈,문화가 전파되는 현상을 뜻을 의미합니다.,문화 전파 현상
성지,"종교적인 의미의 단어지만, 유명 작품의 배경이나 인터넷 유행요소 원본 같은 특별한 이유로 유명해진 장소와 그 장소를 방문하는 무대탐방을 의미하는 신조어입니다.",유명 장소
세계관,원래는 현실 세계에 대한 생각을 의미합니다.,세계에 대한 생각
소울푸드,"흑인들의 영혼을 달래준 음식을 뜻하나, 모든 인류집단과 개인을 달래주는 음식이란 뜻으로 의미가 확장된 표현입니다.",위로가 되는 음식
혼모노,남에게 피해를 주는 오타쿠라는 의미합니다.,남에게 피해를 주는 오타쿠
고인물,"주로 게임에서, 해당 서비스를 오래 이용해서 실력이 뛰어나거나 경험이 풍부한 사람을 의미합니다.",경험이 많은 사람
관종,오로지 남의 관심을 받으려는 목적으로 일부러 엉뚱하거나 분란을 야기하는 말을 하는 등 어그로 끄는 사람을 의미합니다.,관심받으려는 사람
구독,"정액제로 해당 서비스를 꾸준히 이용하는 원래 의미와 가까운 구독도 있고, 이에 연장된 뜻으로, 특정 채널이나 스트리머를 즐겨찾기 하거나 그 채널의 소식을 받아보는 기능을 의미합니다.",정기적 이용
극혐,극도로 혐오하다 의 줄임말 입니다.,"극도로 혐오하다, 극도로 혐오, 극도로 혐오스럽"
눈팅,커뮤니티 등에서 댓글을 쓰는 등 남의 눈에 띄는 행동을 하지 않고 구경만 하기. 또는 그러는 사람을 의미합니다.,"구경만 하기, 구경만"
끌올,끌어 올리다의 줄임말. 시간이 지나서 묻힌 글을 다시 사람들에게 노출시키려는 목적으로 다시 상위로 노출시키는 일을 일컫습니다.,끌어올리기
대나무숲,집단의 사람들이 잡담 목적으로 공동으로 사용하는 SNS 페이지를 의미합니다.,많은 사람이 이용하는 SNS 계정
ㄹㅇ,"영어로 '진짜'를 뜻하는 단어 'real'을 한글로 적은 '리얼', '레알'의 초성체입니다.",진짜
베댓,"베스트 댓글, 많은 추천을 받고 다른 댓글들보다 우선적으로 노출되는 댓글을 의미합니다.",베스트 댓글
병먹금,병X에게 먹이 금지'의 줄임말. 엉뚱하거나 분란야기성 발언을 하는 사람에게 분위기의 주도권을 쥐어주지 않으려는 목적으로 일부러 무시하는 일을 의미합니다.,무시
썰,"사연, 이야기를 의미하는 신조어입니다.",이야기
정모,온라인에서 만난 사람들이 오프라인으로 만나는 행위를 의미합니다.,"온라인 모임, 오프라인 모임"
짤방,"인터넷 밈 중 이미지 형식인 것. 움직이는 짤(gif)은 '움짤', 웃긴 짤은 '웃짤', 혐오스러운 짤은 '혐짤'로 불립니다.","인터넷 밈, 이미지"
추추,추천의 신조어입니다.,"좋아요, 관심"
비추,비추천의 줄임말입니다.,"싫어요, 반대"
ㅋㅋ,"웃음소리인 ""크크크""를 초성체로 쓴 것입니다.","크크크, 웃기"
ㅎㅎ,"웃음소리인 ""하하하""를 초성체로 쓴 것입니다.","하하하, 웃음"
컨셉,재미를 목적으로 현실과 다른 다른 인격을 내세우는 행동을 의미합니다.,다른 인격
ㅎㅇ,안녕하세요'를 뜻하는 'hi'를 한글로 적은 '하이'의 초성체를 의미합니다.,"하이, 안녕"
쫌쫌따리,아주 조금씩 적고 하찮은 양을 모으는 모습을 의미하는 신조어입니다.,"조금, 아주조금"
억텐,억지 텐션의 줄임말.억지로 텐션을 올려서 발랄하게 행동을 의미합니다.,"강제텐션, 강제로텐션"
스불재,"스스로 불러온 재앙의 줄임말로, 주로 자신이 계획한 일로 자신이 고통을 받을 때 사용합니다.",스스로 불러온 재앙
갓생,갓(GOD)+생(生) 부지런하고 열심히 사는 사람에게 쓰는말을 의미합니다.,"열심히하는 삶, 성실한 삶"
점메추,점심 메뉴 추천의 줄임말입니다.,"점심메뉴추천, 점심추천"
다꾸,다이어리 꾸미기의 줄임말입니다.,"다이어리꾸미기, 다이어리 꾸미기"
킹받다,열받다라는 말에 새로운 접두사로 쓰이고 있는 킹(King)을 붙여 강조한 단어입니다.,"화난다, 짜증난다"
군싹,군침이 싹도네의 줄임말입니다.,"침, 침샘 도는"
저메추,저녁 메뉴 추천의 줄임말입니다.,"저녁메뉴추천, 저녁추천"
위꾸,위장 꾸미기의 줄임말로 맛있는거 먹는 행위를 의미합니다.,먹기
뇌꾸,뇌 꾸미기의 줄임말로 공부를 의미합니다,두뇌활동
오히려 좋아,안좋은 상황도 좋게 받아들이자는 뜻입니다. 진짜 힘든 상황에서 전화위복되어 좋다는 의미도 있지만 위기를 합리화 하기 위해서 사용되기도 합니다.,오히려 괜찮고 좋은데?
삼귈래,사귀기 전의 썸타는 단계라는 뜻입니다. 사귀다=4귀다->3귀다,서로 알아가볼래?
삼귀다,사귀기 전의 썸타는 단계라는 뜻입니다. 사귀다=4귀다->3귀다,"관심있는 사이, 사귀기 전단계"
알잘딱깔센,알아서 잘 딱깔끔하고 센스있게 의 줄임말입니다.,알아서 잘 딱깔끔하고 센스있게
와이라노,왜이러냐의 사투리 표현인 와이라노를 영어로 적은 말입니다,"왜 그러냐, 왜그래요"
Whyrano,왜이러냐의 사투리 표현인 와이라노를 영어로 적은 말입니다,"왜 그러냐, 왜그래요"
머선129,무슨일이야 의 경상도 사투리인 '머선 일이고?' 의 일이고를 숫자 129로 표현한 말입니다.,무슨일이에요
사바사,사람by사람 이라는 뜻으로 어떠한 상황에 대해서 사람마다 다르다라는 뜻입니다.,"사람마다 다르다, 사람마다 다르긴"
억까,억까는 억지로 디스(까다)하는 말을 뜻합니다.,억지로 비판
크크루삥뽕,ㅋㅋㅋ의 진화형으로 약올리는 용도로 쓰입니다. 특유의 억양때문에 들으면 조금 불쾌함이 있습니다. 따로 특별한 의미가 있지는 않습니다.,"웃기네, 웃기다"
조삼모사,일반적으로 아는 조삼모사가 아닌 조금모르면 삼번 완전 모르면 사번 이라는 뜻입니다.,조금 모르면 삼번 완전 모르면 사번
ㅈㅂㅈㅇ,정보좀요의 초상만 따서 제품에 대한 정보를 묻는 상황에서 많이 쓰입니다.,"정보 알려줘, 알려주세요"
힘숨찐,힘을 숨기고 있는 찐따' 의 줄임말로 겉으로는 찐따 같지만 실제로는 대단한 사람을 뜻합니다. 자신의 정체를 숨기고 모르는척 약한척 하는 경우에 사용합니다.,강한 숨기는 찐따
너 뭐 돼?,상대방의 행동이나 말이 마음에 들지 않을 때 사용할 수 있습니다.,너 뭐 돼?
나 제법 젠틀해요,어떤 과격적인 행동을 하고 싶다는(전혀 젠틀하지 않은) 말을 여과없이 서술한 뒤에 나 제법 젠틀해요를 넣어 역설적인 방법을 연출할 때 사용합니다.,나 제법 친절합니다
끔살,끔찍하게 살해 당하다 의 줄임말로 살해당한다 죽는다의 직접적인 표현이 아닌 장난스러운 표현으로 게임이나 드라마 만화 주인공 등의 죽음을 표현할 때 사용됩니다.,끔찍하게 살해
신기방기 뿡뿡방기,"활발히 사용된지 얼마되지 않은 유행어로 래퍼 이영지, 일러스트레이터 최고심이 사용하여 화제가 된 유행어로 듣기 싫은 말을 들었을때 사용하는 유행어라고 합니다.",듣기 싫은 말하지마
구취,구독취소의 줄임말로 유튜브에서 구독을 취소할 때 사용하는 말입니다.,구독 취소
임구,"이미 구독함의 줄임말입니다. ""너 ~구독했냐?"" ""임구지~"" 이런식으로 활용할 수 있습니다.",이미 구독함
졌잘싸,졌지만 잘 싸웠다의 줄임말로 말그대로 졌음에도 최선을 다한 경우에 사용하는 말입니다.,"졌지만 잘싸웠다, 졌지만 잘싸웠"
난죽택,난 죽음을 택하겠다의 줄임말로 이것도 저것도 선택하기 난처할 때 사용하는 말입니다.,"난 죽음을 택하겠다, 난 죽음을 택"
웃안웃,웃긴데 안웃김의 줄임말로 웃긴 상황인데 웃기지 않고 황당하고 또 웃음이 나오더라도 기분 좋은 웃음이 아닐 상황에 사용합니다.,"웃긴데 안웃김, 웃긴데 안웃긴"
캘박,캘린더 박제의 줄임말로 캘린더에 저장한다는 뜻입니다.,캘린더 박제
TMI,Too much information의 줄임말로 필요치 않은 사소한 것까지 하나하나 설명하는 사람을 뜻합니다.,많은 정보 제공자
JMT,영어 발음을 따서 만든 신조어로 '맛있다'는 뜻을 가진 단어입니다.,진짜 맛있다
멍청비용,쓰지 않아도 됐을 돈이나 시간을 소비했을 때 이를 표현하는 신조어입니다.,낭비
갈비,갈수록 비호감의 줄임말입니다.,갈수록 비호감
가심비,가격 대비 심리적 만족도를 주는 것을 뜻한다.,가격 대비 심리적 만족도
ASKY,"안 생겨요'의 영문 이니셜 약자로, 뭘 해도 남자 친구 여자 친구가 안 생긴다는 의미로 자주 쓰입니다.",안 생겨요
렬루,진짜를 뜻 하는 영단어 'real'에서 파생된 신조어로 '정말로'라는 뜻입니다.,정말로
돼지런해,먹을 때만 부지런하게 먹는 사람을 말합니다.,먹을 때만 부지런해
돼지런하다,먹을 때만 부지런하게 먹는 사람을 말합니다.,먹을 때만 부지런하다
갑분싸,갑자기 분위기 싸해짐의 줄임말입니다.,"갑자기 분위기 싸해짐, 갑자기 분위기 싸해지, 갑자기 분위기 싸해, 갑자기 분위기 싸하게"
뎨동,죄송을 귀엽게 발음하여 표현한 신조어입니다.,"죄송, 죄송합니다"
메덕,메이크업 덕후의 줄임말로 메이크업에 진심인 사람을 말합니다.,메이크업 덕후
소확행,소소하지만 확실한 행복의 줄임말입니다.,소소하지만 확실한 행복
좋못사,좋다 못해 사랑한다의 줄임말입니다.,좋다 못해 사랑
명존쎄,명치 굉장히 강하게 때린다'의 줄임말로 맞을 짓을 하는 사람을 때리고 싶다는 의미로 쓰입니다.,"명치를 쎄게 때리고 싶다, 명치 쎄게 때리고, 명치 세게 때리는 "
스몸비,스마트폰과 좀비의 합성어로 길을 걸어 다닐 때도 스마트폰을 보며 걷는 사람을 지칭하는 단어입니다.,스마트폰을 보며 걷는 사람
빼박캔트,빼도 박도 못한다 라는 의미합니다.,절대적 사실
팬아저,팬이 아니어도 저장의 줄임말입니다.,팬이 아니어도 저장
휘게,덴마크어로 '편안함'을 뜻하며 소확행과 비슷하게 자주 쓰이는 말입니다.,편안함
희연사,희귀한 연예인 사진'의 줄임말이다.,희귀한 연예인 사진
힘순찐,힘을 숨긴 찐따'의 줄임말이다.,힘을 숨긴 찐따
삼귀자,연인들이 본격적으로 사귀기 전의 단계를 표현한 신조어입니다.,"썸, 사귀기 전 상태"
띵곡,명곡을 think와 결합한 신조어입니다.,"명곡, 좋은노래"
누물보,누구 물어본 사람? 의 줄임말입니다.,"누구 물어본 사람, 누가 물어봤냐"
오저치고,오늘 저녁 치킨 고?'의 줄임말입니다.,오늘 저녁 치킨 고?
강직인,강아지를 키우는 직장인의 줄임말입니다.,강아지를 키우는 직장인
슬세권,슬리퍼로 갈 수 있는 거리라는 뜻의 신조어입니다.,슬리퍼로 갈 수 있는 거리
만반잘부,만나서 반가워 잘 부탁해의 줄임말 입니다.,만나서 반가워 잘 부탁해
할말하않,할 말은 많지만 하지 않겠다의 줄임말입니다.,"할말은 많지만 하지 않겠다, 할말은 많지만 하지 아니"
별다줄,별걸 다 줄인다는 의미로 쓰이는 줄임말입니다.,"별걸 다 줄인다, 별걸 다 줄"
스세권,스타벅스+역세권'의 합성어로 스타벅스가 가까이 있는 지역을 뜻하는 신조어입니다.,스타벅스가 가까운 지역
문송하다,문과라서 최송 합니다'의 줄임말입니다.,문과 학생이기 때문에 죄송합니다.
실드관말,실패한 드립에 관심을 주지 말라의 줄임말입니다.,저런 농담엔 관심주지마
얼리힐링족,당장 앞에 있는 자신의 행복을 우선적으로 생각하고 행복하게 살아가는 세대를 지칭하는 신조어입니다.,당장 행복을 우선으로 생활하는 세대
복세편살,복잡한 세상 편하게 살자의 줄임말입니다.,"복잡한 세상 편하게 살자, 복잡한 세상 편하게 삶을 영위"
뷰알못,뷰티를 잘 알지 못하는 사람들의 줄임말입니다.,뷰티에 대해 잘 모르는 사람
워라밸,워크 앤 라이프 밸런스'의 줄임말로 일과 삶의 균형을 중요하게 여긴다는 뜻입니다.,일과 삶의 균형
이생망,이번 생은 망했다'의 줄임말입니다.,"이번 생은 망했다, 이번 생은 망했음"
일생가,일상생활 가능하니? 의 줄임말입니다.,"일상생활 가능하니, 일상생활 가능하"
덕페이스,셀카에서 오리처럼 입술을 쭉 내민 모양의 장난스러운 표정을 뜻하는 신조어입니다.,장난스러운 표정
반신,"반말 신청의 줄임말로, 주로 초등학생들이 온라인 채팅상에서 서로 말을 편하게 하자는 식의 신조어입니다.",반말 신청
얼죽아,얼어 죽어도 아이스 아메리카노의 줄임말입니다.,얼어 죽어도 아이스 아메리카노
내또출,내일 또 출근의 줄임말입니다.,내일 또 출근
와리가리,"게임 스트리트 파이터의 일종의 버그로, 적의 반격을 받지 않고 적을 쓰러뜨리는 기술을 의미하며, 현대에서는 맞지 않게 움직이는 것을 표현합니다.",적의 반격을 받지 않고 적을 쓰러뜨리는 기술
돌취생,돌아온 취업 준비생의 줄임말입니다.,돌아온 취업 준비생
손놈,손님이지만 매너 없는 사람을 뜻하는 신조어입니다.,매너 없는 손님
영고,영원히 고통받는다'의 줄임말 입니다.,"영원히 고통받는다, 영원한 고통, 영원히 고통 받을"
롬곡,시계 방향으로 180도 회전시키면 눈물이란 단어가 되는 신조어입니다.,눈물
무물,무엇이든 물어보세요의 줄임말입니다.,"무엇이든 물어보세요, 무엇이든 질문"
머글,아이돌에 관심이 없는 일반인들을 지칭하는 말이다.,"아이돌에 관심 없는 일반인, 일반인"
꾸꾸꾸,꾸며도 꾸질 꾸질의 줄임말입니다.,꾸며도 꾸질 꾸질
쉼포족,휴식을 포기할 정도로 바쁘고 고달픈 삶을 사는 현대 직장인을 지칭하는 뜻의 신조어입니다.,바쁘고 고달픈 삶을 사는 현대 직장인
남아공,남아서 공부나 해라는 의미입니다.,"남아서 공부나 해라, 남아서 공부나"
ㅂㅂㅂㄱ,반박 불가'의 초성으로 말 그대로 반박을 할 수 없는 상황에 사용하는 신조어입니다.,"반박이 어려운 상황, 반박이 어려우"
제곧내,제목이 곧 내용의 줄임말입니다.,"제목이 곧 내용, 제목이 곧 내용이"
반퇴세대,조기퇴직을 하여 새로운 일자리를 찾는 세대를 의미하는 신조어입니다.,조기퇴직 후 새로운 일자리를 찾는 세대
성덕,성공한 덕후의 줄임말입니다.,성공한 덕후
세이런츠,공유하다의 '셰어'와 부모 '페어런츠'의 함 성어로 자녀의 일상을 sns에 올리는 부모를 지칭하는 단어입니다.,"자녀의 일상을 SNS에 올리는 부모, 자녀의 일상을 SNS에 공유"
옴뇸뇸,귀엽게 먹는다는 뜻으로 쓰이는 신조어입니다.,"귀엽게 먹는다, 귀엽게 식사"
배사,SNS 배경 사진의 줄임말입니다.,배경 사진
물멍,물을 보면서 멍하게 있는 상태를 뜻하는 단어입니다.,"물을 보면서 멍하게 있는 상태, 물 보면서 명상"
불멍,불을 보면서 멍하게 있는 상태를 뜻하는 단어입니다.,"불을 보면서 멍하게 있는 상태, 불 보면서 명상"
오놀아놈,오우 좀 놀 줄 아는 놈인가의 줄임말입니다.,오우 좀 놀 줄 아는 놈
시발비용,스트레스를 받아 홧김에 물건을 구매하는 비용을 말하는 신조어입니다.,홧김에 물건을 사는 비용
벼락거지,벼락부자의 반대말로 쓰이는 신조어입니다.,졸지에 거지
최애,최고 + 애정의 합성어인 신조어 입니다.,가장 애정하는 것
일코노미,1인 가구에 경제의 미인 이코노미가 합성된 신조어입니다.,1인 가구에 경제의 미인 이코노미
자라족,부모에게 경제적으로 기대어 사는 젊은 사람을 뜻합니다.,"부모에게 경제적으로 의지하는 젊은 사람,부모에게 경제적으로 의지하는 중"
퇴준생,퇴사를 준비하는 사람을 뜻합니다.,"퇴사를 준비하는 사람, 퇴사를 준비하는 중"
푸라면,신라면의 한자를 한글로 변환하여 부르는 단어입니다.,신라면
혼영,혼자서 영화보기의 줄임말입니다.,"혼자서 영화, 혼자서 영화 감상"
갑통알,갑자기 통장을 보니 아르바이트해야 할 것 같다의 줄임말입니다.,갑자기 통장을 보니 아르바이트해야 할 것 같다
쉐도우 복싱,"아무도 뭐라고 안 했는데, 혼자 북 치고 장구치고 하는 행위를 말합니다.",혼자 북치고 장구치는 행위
브금,BGM을 한글로 읽히는 대로 표현한 신조어입니다.,BGM
돈쭐내자,"돈으로 혼쭐을 내주자'라는 뜻으로, 선행을 하는 기업의 제품을 구매해 돈으로 혼내준다는 의미를 담고 있습니다.","선행을 하는 기업의 제품 대량구매 해주러 가자, 돈으로 혼쭐내주러 가자, 돈으로 선행을 베풀어주자"
돈쭐내러 가자,"돈으로 혼쭐을 내주자'라는 뜻으로, 선행을 하는 기업의 제품을 구매해 돈으로 혼내준다는 의미를 담고 있습니다.","선행을 하는 기업의 제품 대량구매 해주러 가자, 돈으로 혼쭐내주러 가자, 돈으로 선행을 베풀어주자"
무야호,"예능 프로그램 <무한도전>에 출연했던 한 출연자에 의해 생겨난 유행어로, 매우 신난다는 뜻을 의미하는 밈 신조어입니다.",매우 신나다
나심비,나'와 '심리' 그리고 '가성비'의 합성어. 가성비보다 스스로의 만족을 위해 지갑을 여는 소비 심리를 일컫습니다.,스스로 만족하는 소비 심리
찐텐, '진짜 텐션'을 뜻하는 줄임말입니다.,진짜 기분
고답이,고구마 잔뜩 먹은 것처럼 답답하게 행동하는 사람을 일컫는 말입니다.,"답답하게 행동하는 사람, 답답하게 행동하는 사람이"
국룰,국민 룰'의 줄임말로 보편적으로 통용되는 정해진 규칙을 말합니다.,"보편적으로 통용되는 규칙, 규칙"
꾸안꾸,꾸민 듯 안 꾸민 듯' 내추럴하지만 스타일리시한 패션 센스를 이르는 말입니다.,"내추럴하지만 잘 어울리는, 내추럴하지만 잘 어울리는 옷, 내추럴하지만 잘 어울리는 옷이"
마상,마음의 상처'를 줄인 말. 아쉽거나 실망스러운 일이 있을 때 주로 사용합니다.,"아쉬운 일, 실망스러운 일, 마음에 상처"
낄낄빠빠,낄 때 끼고 빠질 때 빠지자'로 나설 상황이 아닌데 눈치 없이 오지랖을 부리는 사람에게 쓰는 줄임말입니다.,"오지랖 좀 그만 부리고 꺼져, 낄때 끼고 빠질 때 빠져"
고스팅,유령+ing합성어. 유령처럼 연락이 두절되는 것을 의미합니다.,"연락이 두절되는 것, 연락 두절"
금턴,정규직 전환율이 높은 인턴자리을 의미하는 신조어입니다.,정규직 전환율이 높은 인턴자리
나일리지,나이+마일리지의 합성어인 신조어입니다.,나이 마일리지
너또다,너도 또라이라 다행이다의 줄임말 입니다.,너도 또라이라 다행이다
닉차,닉네임 차별의 줄임말로 이름으로 판단할때 사용합니다.,닉네임 차별
댕댕이,멍멍이 즉 강아지 같은 사람을 의미하는 단어입니다.,멍멍이
띵공,명곡을 발음하기 쉽게 표현한 신조어입니다.,명곡
롬곡옾눞,시계 방향으로 180도 회전시키면 폭풍눈물이란 단어가 되는 신조어입니다.,폭풍눈물
맥세권,맥도날드 근처라는 뜻을 가진 신조어입니다.,"맥도날드 근처, 맥도날드 근처에서 거주중"
문찐,문화에 뒤처진 사람을 의미하는 신조어입니다.,문화에 뒤처진 사람
존모,존댓말 모드의 줄임말입니다.,존댓말 모드
반모,반말모드의 줄임말입니다.,반말모드 존댓말 모드
법블레스유,법이 너를 지켜주길바라는 뜻을 가진 신조어입니다.,"법이 너를 지켜주길, 법이 너를 지켜주길 바란다"
불소,불타는 소통이라는 뜻을 가진 줄임말입니다.,불타는 소통
빠태,빠른 태세 전환을 줄인 말입니다.,빠른 태세 전환
뼈뚜맛,뼈를 뚜두려 맞았다. 팩트폭격을 의미하는 줄임말입니다.,팩트폭격
사망년,본격적인 취업준비 시기인 대학교 3학년을 비유하는 신조어입니다.,대학교 3학년 취업 준비 시기
설참,"설명참고의 줄임말로, 설명을 읽으라는 의미로 사용합니다.",설명 참고
스라밸,"스터디+라이브+밸런스, 공부와 삶의 균형을 의미하는 신조어입니다.",공부와 삶의 균형
알부자,알바를 많이 하는 사람이라는 뜻을 가진 신조어입니다.,"알바를 많이 하는 사람, 알바를 많이 하는 사람이"
앱등이,브랜드 애플의 추종자이라는 뜻입니다.,애플의 추종자
엄근진,"엄격, 근엄, 진지의 합성어로, 냉정함을 유지하는 표정이나 어투에 사용합니다.","냉정한 표정 어투, 냉정함 유지"
윰차,구독자 유무를 차별이라는 뜻을 가진 신조어입니다.,구독자 유무를 차별
이퇴백,20대에 퇴사하는 백수이라는 뜻을 가진 신조어입니다.,20대에 퇴사하는 백수
이학망,이번 학기는 망했다의 줄임말입니다.,"이번 학기는 망했다, 이번 학기는 똥망"
전공,전체공개의 줄임말입니다.,전체공개
커여워,귀여워의 줄임말입니다.,귀여워
톡디,카카오톡 아이디의 줄임말입니다.,카카오톡 아이디
편세권,편의점 근처를 지칭하는 신조어입니다.,편의점 근처
현시창,현실은 시궁창의 줄임말입니다.,현실은 시궁창
혼코노,혼자 코인 노래방에 가다의 줄임말입니다.,"혼자 코인 노래방에 갔다 왔어, 혼자 코인 노래방"
혼틈,"혼란을 틈타의 줄임말.로, 활발히 대화를 하고 있는 도중 대화에 참여할 때 사용합니다.",혼란을 틈타
흙턴,허드렛일이나 단순 노동만 반복하는 인턴자리을 의미하는 신조어입니다.,허드렛일이나 단순 노동만 반복하는 인턴자리
흠좀무,흠 이게 사실이라면 좀 무섭군요.. 의 줄임말입니다.,"흠 이게 사실이라면 좀 무섭군요, 흠 이게 사실이라면 좀 무섭군요"
이뭐병,이건..뭐..병X도 아니고의 줄임말입니다. 비속어가 섞여있습니다.,이건 뭐 병신도 아니고
여병추,여기 병X 하나 추가요의 줄임말입니다. 비속어가 섞여있습니다.,"여기 병신 하나 추가요, 여기 병신 하나 추가"
항가항가,"하악하악을 잘못 표기한 단어로써, 아주 굉장히 좋은 무언가를 봤을 때 사용하는 단어입니다.",하악하악
지못미,지켜주지 못해서 미안해의 줄임말입니다.,지켜주지 못해서 미안해
열폭,열등감 폭발의 줄임말입니다.,열등감 폭발
쪄죽따,쪄 죽어도 따듯한 물에 샤워한다'의 줄임말입니다. 주로 차가운 것보다는 따듯한 것을 좋아하는 성격을 지칭합니다.,"쪄 죽어도 따듯한 물에 샤워한다, 쪄 죽어도 따듯한 물에 샤워"
보배,보조 배터리의 줄임말입니다.,보조 배터리
당모치,당연히 모든 치킨은 옳다의 줄임말입니다.,"당연히 모든 치킨은 옳다, 당연히 모든 치킨은 정답"
물음표 살인마,"사소한 질문들 많이 하는 사람을 의미하는 신조어로, 질문을 계속해서 사람을 힘들게 한다는 뜻합니다.","사소한 질문들 많이 하는 사람, 사소한 질문들 많이 하는 사람이"
택노,택시 노예'의 줄임말입니다.,택시 노예
쩝쩝박사,음식의 맛있는 조합을 잘 아는 사람들을 칭찬할 때 쓰는 말입니다. 쩝쩝이라는 말은 나쁜 말이지만 박사라는 단어가 붙어서 긍정적으로 사용됩니다.,"음식의 맛있는 조합을 잘 아는 사람들, 음식의 맛있는 조합을 잘 아는 사람"
뽀시래기,부스러기'를 뜻하는 전라도 사투리지만 '작고 귀엽다'는 의미로 사용됩니다.,"작고 귀엽다, 작고 귀여운 것, 귀엽"
레게노,레전드(legend)를 잘못 읽어서 생겨난 신조어입니다. 'legend'의 'd'를 'o'로 잘못 봐서 'legeno'라고 읽은 것을 시작으로 생겨난 신조어입니다.,레전드
일취월장,일요일에 취하면 월요일에 장난 아니야'의 줄임말입니다.,"일요일에 취하면 월요일에 장난 아니야, 일요일에 취하면 월요일에 장난 없음"
쌉파서블,매우 가능하다'라는 뜻입니다. 가능한(possible) 앞에 매우라는 단어 '쌉'을 붙인 것입니다.,"매우 가능하다, 매우 가능"
주불,주소 불러'의 줄임말로 택배를 보낼 때 사용하는 신조어입니다.,주소 불러
최최차차,최애는 최애고 차은우는 차은우'의 줄임말입니다. 차은우가 너무나 잘생겨서 생겨난 신조어입니다.,최애는 최애고 차은우는 차은우
H워얼v,사랑한다'는 뜻입니다. '사랑해'의 형태를 뒤집어서 표현한 것입니다. 모니터를 뒤집어서 자세히 보면 '사랑해'라는 단어로 보입니다.,"사랑한다, 사랑해"
띵언,think + 명언의 합성어로 정말 와닿는 문장을 의미합니다.,명언
런치플레이션,"점심인 '런치'와 물가상승 현상 '인플레이션'을 합친 말로, 물가가 오르면서 점심값 지출이 늘어난 상황을 뜻합니다.","점심값이 너무 비싸다, 물가가 오르면서 점심값 지출이 늘어난 상황"
ㄹㄱㅎㅃ,라고 할뻔이라는 뜻을 가진 신조어입니다. ,라고 할뻔
만관부,만나서 반가워 잘 부탁해의 줄임말입니다.,만나서 반가워 잘 부탁해
많관부,많은 관심 부탁드립니다.의 줄임말입니다.,많은 관심 부탁드립니다
말또서,말 또 서운하게 하네의 줄임말입니다.,말 또 서운하게 하네
머선 129,무슨 일이고?의 일이고를 숫자로 표현한 신조어입니다.,무슨 일이야
모에모에쿵,음식이 맛있어져라라는 뜻을 가진 밈 신조어입니다.,"음식이 맛있어져,음식아 맛있어져라"
몸테크,몸과 제테크의 합성어로 재개발 이야기가 있는 집 살면서 불편을 감수한다는 의미하는 신조어입니다.,재개발 이야기가 있는 집 살면서 불편을 감수
무물보,무엇이든 물어보세요의 줄임말입니다.,무엇이든 물어보세요
분조카,분위기 좋은 카페의 줄임말입니다.,분위기 좋은 카페
생선,생일선물의 줄임말로 생일선물이라는 뜻입니다.,생일선물
세젤예,세상에서 제일 예쁘다의 줄임말 입니다.,"세상에서 제일 예쁘다, 세상에서 제일 예쁜"
소확횡,소소하고 확실한 횡령이라는 뜻을 가진 줄임말입니다.,소소하고 확실한 횡령
슈가대디,"나이 어린 여자를 만나는 아버지뻘 남자를 지칭하는 단어입니다, 원조교제를 하는 상대에게 돈을 잘 쓰는 나이든 남성을 뜻하는 단어로 스폰서와 비슷합니다.",나이 어린 여자를 만나는 아버지뻘 남자
식집사,식물과 집사의 합성어로 식물을 기르는 사람을 의미합니다.,"식물을 기르는 사람, 식물을 기르는 사람이"
싫존,싫어도 존중해 달라이라는 뜻을 가진 줄임말입니다.,"싫어도 존중해 달라, 싫어도 존중"
싫테,SNS 상에 싫어요 테러의 줄임말 입니다.,싫어요 테러
쉽살재빙,"쉽게만 살아가면 재미없고 빙고의 줄임말로, 가수 거북이의 노래 빙고의 가사 중 일부를 지칭합니다.",쉽게만 살아가면 재미없고 빙고
알빠임,내 알바 아님이라는 뜻을 가진 신조어입니다.,내가 알 필요 없어
예카,예쁜 카페의 줄임말입니다.,예쁜 카페
오나전,오나전'은 컴퓨터. 휴대폰 자판을 두드리다 보면 누구나 쉽게 겪는 '완전'의 오타입니다,완전
오운완,오늘 운동 완료의 줄임말로 밈 신조어입니다.,오늘 운동 완료
유하,"유튜브 하이의 줄임말로, 주로 Youtube Host와 Guest사이에 하는 인사법입니다.",유튜브 하이
이선좌,이미 선택된 좌석의 줄임말로 콘서트 티켓 예약할 때 선택한 좌석이 이미 다른 사람이 선점해서 예매할 수 없을 때 사용합니다.,이미 선택된 좌석
이왜진,이게 왜 진짜? 이라는뜻입니다.,"이게 왜 진짜?, 이게 왜 진짜야?"
인급동,"인기 급상승 동영상의 줄임말로, 유튜브의 기능 중 1개입니다.",인기 급상승 동영상
인만추,인위적인 만남 추구이라는 뜻입니다.,인위적인 만남 추구
인방,인터넷 방송이라는 뜻입니다.,인터넷 방송
잘봐 언니들 싸움이다,Mnet 스트릿 우먼 파이터 프로그램에서 나온 말로 대장들의 싸움을 의미하는 밈 신조어입니다.,"잘봐 언니들 싸움이다, 보고 배워"
저렴이,저렴한 제품이라는 뜻입니다.,저렴한 제품
제곧네,"""제목이 곧 내용이네"" 이라는 뜻입니다.",제목이 곧 내용
조용한 사직,회사에 뼈를 묻을 것처럼 일하지 않고 최소한의 일만 하면서 회사를 다니겠다는 의미 혹은 실제로 퇴사를 하지는 않았지만 직장에서 적극적으로 일을 잘 하려고 하는 마음이 없을 정도로 마음이 떠난 상태를 말합니다.,최소한의 일만 하면서 회사를 다님
중꺽마,중요한 것은 꺽이지 않는 마음이라는 밈 신조어입니다.,중요한 것은 꺽이지 않는 마음
카공,카페에서 공부한다.의 줄임말입니다.,카페에서 공부
키보드 워리어,온라인에서는 키보드로 채팅을 하는 등 활발하지만 오프라인에서는 소심한 성격 말하는 신조어입니다.,인터넷 공간에서 말을 거침없이 하는 사람
킹받네,king +열받네의 합성어 신조어입니다.,열받네
펫티켓,펫과 에티켓의 합성어로 애완동물을 키우는 사람들의 에티켓을 의미합니다.,애완동물을 키우는 사람들간의 에티켓
편리미엄,편리한 것이 프리미엄 뜻입니다.,편리한 것이 프리미엄
톤그루,피부에 맞지 않는 화장품 뜻입니다.,피부에 맞지 않는 화장품
트민남,트렌드에 민감한 남자 뜻입니다.,트렌드에 민감한 남자
현타,현실을 자각하는 타임이라는 뜻입니다.,현실 자각 타임
혼놀로그,혼자 노는 모습을 브이로그 찍는다를 의미하는 신조어입니다.,혼자 노는 모습의 브이로그
혼바비언,혼자 밥 먹는 사람을 의미하는 신조어입니다.,혼자 밥먹는 사람
홀리몰리,감탄사 or 놀랐을 때 사용하는 밈 신조어입니다.,"놀랐다, 놀랍다"
환승이직,환승과 이직의 합성어로 직장을 다니면서 이직을 준비한다는 의미합니다.,다니는 직장 그만 두고 이직 준비
sbn,선배님을 영어로 했을 때 초성으로만 줄임말입니다.,선배님
그 잡채,"""그 자체""와 발음이 유사함을 이용한 말장난 입니다.",그 자체
월루,월급을 루팡한다는 뜻 입니다.,"일이없는 직원, 일 안하고 월급받는 직원"
고나리자,관리자를 빠르게 치다가 생기는 오타를 의미하는 신조어입니다.,관리자
영끌,영혼까지 끌어모았다의 줄임말입니다.,"영혼까지 끌어 모았다, 영혼까지 끌어 모음"
미먼,미세 먼지의 줄임말 입니다.,미세먼지
라떼는 말이야,기성세대가 과거 회상을 할 때 사용하는 '나때는 말이야'를 풍자하는 표현하는 신조어입니다.,옛날엔 말이야
이시국,이런 시국에?'라는 뜻 입니다.,이런 시국에
처돌이,처돌이는 한가지에 푹 빠진 매니아를 뜻합니다.,"매니아, 미친사람"
플렉스,플렉스는 일시불로 많은 돈을 쓰는 행위 / 돈자랑을 하는 행위입니다.,"사치, 사치행위"
펭수하이,펭하는 펭수를 부르는 인사말입니다.,펭수야 안녕
관크,관객 크리티컬이라는 뜻으로 공연 도중 방해가되는 행위를 말합니다.,관객의 방해 행위
사딸라,"야인시대에서 유래한 말로, 협상이나 밀당 없이 파격행위를 요구할 때 쓰이는 말 입니다.",파격적인 요구
혼코노족,혼자 코인 노래방을 즐기는 사람들을 뜻합니다.,"혼자 코인노래방의 민족들, 혼자 코인노래방가는 사람"
두쿵,심쿵처럼 머리가 쿵 한다는 뜻 입니다.,"머리쿵, 충격"
아바라,아이스 바닐라 라떼의 줄임말입니다.,아이스바닐라라떼
손절,주식 가격이 떨어져 더 큰 피해를 줄이고자 손해를 감수하고서라도 매도하는 것을 의미합니다.,손해감수매도
익절,"손절의 반대 개념으로, 본인이 산 주식이 처음 가격보다 올라 수익을 보고 파는 행동을 의미합니다.",이익실현매도
하따,"하따는 하한가 종목에 투자하는 것으로, 두 경우 모두 추후 상승할 것으로 판단해 매수하는 것을 의미합니다.",하한가 종목에 투자
상따,상따는 '상한가 따라잡기'라는 뜻으로 상한가 직전의 종목 또는 상한가를 찍은 종목을 추가 상승 여부가 있다고 판단해 매수하는 것을 말합니다.,상한가 따라잡기
존버,"죽도로 버틴다'는 뜻으로, 장기투자를 의미. 상승과 하락에도 매도를 하지 않고 시간을 투자한다는 의미를 가진 신조어입니다.","죽도록버티기, 죽도록 버텨"
줍줍,단기 하락한 주식 종목을 사거나 추가 매수하는 행위. 싸게 주워 담는다는 의미를 가진 신조어입니다.,"싸게 주워 담는다, 싸게 주워 담아서 "
총알,주식을 매수할 자금을 일컫는 용어입니다.,자금
쩜상,장 시작과 동시에 상한가를 기록하는 것을 의미하는 단어입니다.,상한가바로달성
물타기,내가 매수한 가격보다 낮은 가격으로 추가 구매해 나의 평균 단가를 낮추는 방법으로 반대로 더 높은 가격으로 사면 불타기입니다.,추가매수로 평단가 낮추기
털개버세,"털리면 개미, 버티면 세력의 줄임말입니다.",털리면 개미 버티면 세력
뇌동매매,아무런 근거가 분석 없이 그냥 남의 의견 따라 매수/매도를 하는 행위를 지칭합니다.,근거 없는 매매
혹시 당근이세요?,"당근마켓(중고거래 온라인 앱) 직거래를 위해 만난 사람들끼리 주고받는 인사입니다. 당근마켓은 다양한 연령대(20~70대)의 이용자들이 중고물품을 거래하거나 산책, 식사를 함께 하는 친구를 만나는 등 동네 커뮤니티 플랫폼으로 활용되고 있습니다.",당근 중고래 당사자분 맞으시죠?
미닝아웃,"Meaning+Coming out'의 합성어. 소비활동에 자신의 취향과 신념을 적극적으로 표현하는 소비 습관을 말하는 신조어입니다.. 친환경 제품을 구입하고, 사회적 기업 또는 윤리적 경영을 하는 기업의 제품을 구매하는 등 일명 착한 소비활동으로 불립니다.",친환경 소비활동
비거노믹스,"채식주의자를 칭하는 비건과 경제를 뜻하는 이코노믹스를 합친 신조어이며, 식품뿐만 아니라 의류, 뷰티는 물론 플라스틱이나 일회용품 사용을 줄이는 친환경 소비를 추구한다는 뜻입니다.",비건 경제활동
할매니얼,"할머니와 밀레니얼을 합친 신조어로, 밀레니얼 세대들이 할머니 문화를 좋아하고 따라 하는 소비 트렌드를 지칭한다. 인절미, 쑥, 흑임자를 즐기는 할머니 입맛에 열광하고, 롱 스커트, 꽃무늬, 카디건처럼 '할매 룩'이 패션 아이템으로 사랑받는 중입니다.","할머니문화를 추앙하는 소비트렌드, 할머니 문화를 좋아하고 따라 하는 소비 트렌드"
네카라쿠배당토,"네이버, 카카오, 라인, 쿠팡, 배달의민족, 당근마켓, 토스를 대표하는 IT기업들의 첫글자를 따서 만든 신조어로, Z세대가 가장 취업하고 싶어하는 기업들을 지칭합니다.",네이버 카카오 라인 쿠팡  배달의민족 당근마켓 토스
700,귀여워의 초성과 700이 닮았다해서 나온 신조어입니다.,귀여워
커우커우족,짠돌이나 알뜰살뜰한 사람들을 말하는 신조어입니다.,"짠돌이, 알뜰살뜰족"
자강두천,자존심 강한 두 천재라는 신조어입니다.,"자존심 강한 두 천재, 자존심 강한 두 천재이"
궁사물사,궁금한 사람? 물어본 사람?의 줄임말입니다.,"궁금한 사람? 물어본 사람?, 궁금하지 않아"
개펀리펀,다시 봐도 꿀잼 (개 FUN RE FUN)입니다.,다시 봐도 꿀잼
ㄱㅂㅈㄱ,가보자고의 초성입니다.,가보자고
ㅐ워얼V,H워얼V는 '사랑해'라는 뜻입니다. '사랑해! '라고 말하기 낯간지러울 때 돌려 말하는 표현으로 사용한답니다..,사랑해
제당슈만,제가 당신을 슈퍼스타로 만들겠습니다의 줄임말입니다.,제가 당신을 슈퍼스타로 만들겠습니다
혼생네컷,혼자 찍는 인생 네컷의 줄임말입니다.,혼자 찍는 인생네컷
가즈아,"도박이나 투자에서 긍정적인 기대를 표현하는 감탄사인데, 소망을 말할 때 사용되는 단어로 의미가 확장되었습니다.","화이팅, 가보자고"
국뽕,자신의 국가의 소속감에 대한 자신감을  표현한 신조어입니다.,"패트리어티즘, 애국심"
금수저,부모의 연 소득과 가정 환경 등에 부족함이 없는 가정에서 태어나 호의호식하는 사람을 의미합니다.,부잣집
급식체,"학교에서 급식을 먹는 세대인 10대 청소년이 쓰는 말투 중 하나이며, 줄임말이나 초성체, 유명 크리에이터의 유행어를 섞어서 사용합니다.",10대 유행어
급식충,학교 생활에서 급식을 먹는 10대 청소년을 비하하는 표현입니다.,"10대 무리, 10대 청소년"
뇌피셜,"""자신의 뇌에서만 사실(공식)으로 받아들이는 것, 또는 받아들이는 사실이다.""을 의미합니다.",머리 속 상상
뉴트로,새로운 + retro의 합성어입니다.,뉴트로
노랑색사고싶다,너랑 성교를 하고 싶다을 흘려 말한 것입니다.,너랑 자고 싶어
대인배,"만화 럭키짱에서 유래된 신조어로, '소인배'의 반댓말이다. 너그럽고 아량이 넓어 다른 사람들에게 많이 베풀고 많이 도와주며 정의로운 사람을 뜻합니다.",너그러운 사람
딸바보,딸만 아는 바보같이 딸을 지극히 사랑하는 사람을 의미한다.,딸을 아끼는 사람
똥꼬충,동성애자 중 대부분 게이를 비하하는 단어입니다.,동성애자
나 때는 말이야,"기성세대가 신세대에게 '나 때는 말이야'라고 말하는 것을 비꼬는 말이다. 라떼드립으로도 불리며, 과거 기성세대의 언행을 비판하거나 풍자할 때 사용한다. Latte is horse(라떼 + 는 + 말이야) 라는 영어로도 쓰입니다..",옛날에는 말이야
ㅁㄴㅇㄹ,"두벌식 자판에서 왼손의 기본 위치를 순서대로 친 것으로, 아무 생각이 없다는 뜻인 신조어입니다.",아무 생각없다
맘충,자신의 자식만 우선시하는 주부를 의미하는 단어입니다.,자식만 우선시하는 사람
몸짱,"《딴지일보》에서 2003년 12월에 만든 말로, 몸매가 좋은 사람을 의미합니다.",몸이 좋은 사람
커밍아웃,어떠한 성향이나 소속 따위를 스스로 드러낸다는 의미의 접사이다. 성소수자가 스스로 자신의 성 정체성을 드러내는 것을 뜻하는 커밍아웃(coming out)에서 유래되었다. '방밍아웃'(방송하는 것을 드러내는 것)처럼 사용됩니다.,"자신을 드러내다, 자신을 드러내는, 비밀을 밝히는, 비밀을 말"
무슨 129,무슨 일이고? 중 일이고를 숫자로 표현한 신조어입니다.,무슨 일이야
버카충,버스카드 충전을 줄여서 말하는 말입니다. ㅈ주로  '뻐카충'이라고도 합니다.,버스카드 충전
빵셔틀,"학교 매점에서 빵을 사다주는 학생, 즉 심부름꾼을 말합니다.",심부름꾼
샵쥐,시아버지를 빠르게 말하면 샵쥐와 같은 발음이 된 데에서 유래했다. 시아버지를 편하게 칭하는 말입니다.,"시아버지, 시아버님"
190000,십구만 발음음 쉽구만이라는 표현으로 대체해서 사용하는 신조어입니다.,"쉽네, 쉽구만"
십구만,십구만 발음음 쉽구만이라는 표현으로 대체해서 사용하는 신조어입니다.,"쉽네, 쉽구만"
쌉고수,씹 + 고수의 합성어로 정말 + 고수라는 뜻의 합성어입니다.,고수
아무 말 대잔치,"맥락 없이, 생각 없이, 혹은 당황하여 입에서 나오는 아무 말을 그대로 모두 내뱉는 것을 의미하는 신조어입니다.","아무말이나 한다, 아무말이나 한"
어라랍스타??,"인싸들 사이에서 유행하는 신조어로 어라라?의 변형으로, 어라? 혹은 어라라? 랍스타를 붙여서 어라랍스타?? 로 사용합니다.",어라?
외계어,"통신언어에서, 의사소통의 어려움이 있을 정도로 변형된 표기입니다.  야민정음과도 비슷하지만, 야민정음이 대부분 한글을 이용한 것에 비해 외계어는 각종 히라가나/가타카나/특수문자 등을 섞어서 사용합니다.",외계어
월급루팡,회사에서 마땅히 하는 일 없이 월급만 받아가는 직원을 뜻하는 신조어입니다.,월급만 받아가는 직원
의문의 1승,의도하지 않았지만 이득을 얻게 된 상황을 의미하는 신조어입니다.,"운이 좋았다, 운으로 이득"
일진,"학교 폭력을 저지르거나 선생님의 말을 잘 듣지 않는 등의 학생으로, 불량 학생과도 비슷한 신조어입니다.",불량학생
잼민이,인터넷 상에서 활동하는 무개념 초등학생을 낮춰 부르는 신조어입니다. ,초등학생
지름신,"물건을 지르고 싶어하게 만드는 신을 의미하는 신조어로, 물건을 사고 싶어질 때 '지름신 강림'과 같은 식으로 쓰입니다.",과소비
진지충,분위기를 읽지 못하고 진지하게 구는 사람을 의미하는 신조어입니다.(진지 + -충),진지한 사람
짐승남,짐승처럼 거친 아름다움이 돋보이는 남자을 의미하는 신조어입니다.,거친 사람
창렬,"겉보기에 비해 품질이 좋지 못한 경우을 의미하는 신조어입니다. 원래 1993년~1995년쯤 초중고 학생들이 쓰던 비속어에서 파생, 변화된 유행어였다. 이 단어가 이미 등장한 상태에서 2005년 디시인사이드에서 유행어로 쓰이고 있었다. 그런데 2009년 DJ DOC의 멤버 김창렬을 모델로 한 편의점 즉석식품 '김창렬의 포장마차' 시리즈가 가격에 비해 양이 적고, 품질이 좋지 않았기 때문에 음이 비슷한 김창렬을 조롱하는 단어로 바뀌었다. 명사로는 창렬, 형용사로는 창렬스럽다 등 다양한 쓰임새가 있다. 반의어로는 혜자가 있다.","가성비가 안 좋다, 가성비가 좋지 않음"
치느님,치킨 + 하느님의 합성어입니다.,치킨
코렁탕,설렁탕을 코로 먹이는 고문 방법입니다. 이명박 정부에 설렁탕을 먹는 모습이 있었는데 마치 코로 먹는것 같다하여 생긴 신조어입니다.,고문
쿠쿠루삥뽕,"트위치 도네이션의 찬구에서 나온 의성어 신조어로, 웃거나 약올릴때 사용하는 신조어입니다.",쿠쿠루삥뽕
탕진잼,일상생활에 지장이 되지 않는 범위 내에서 푼돈을 소모하는 일을 의미하는 신조어입니다.,"푼돈을 썼다, 푼돈 재밋게 썻다"
튀다,달리는 것보다 더 빨리 도망치자는 뜻의 신조어입니다.,"도망치다, 도망쳐, 도망가"
토빨,토착 종북 세력을 토착왜구보다 더 악랄한 빨갱이로써 강조하는 의미를 가진 신조어입니다.,앞잡이
틀니딱딱,"틀니를 딱딱거린다의 줄임말로 노인들의 신체적 결함을 조롱하는 의미가 있고, 대상의 사고방식이 공존과 거리가 멀고 낡았다는 의미가 담겨있다.",나이드신 분
품절녀,"이미 배우자나 여자친구가 있는 남성을 가리키는 신조어입니다. 유의어로는 유부남이 있으며, 여자 버전으로는 품절녀가 있다.","유부녀, 애인있는 사람"
품절남,"이미 배우자나 여자친구가 있는 남성을 가리키는 신조어입니다. 유의어로는 유부남이 있으며, 여자 버전으로는 품절녀가 있다.","애인이 있는 사람, 유부남"
퐁퐁남,능력없는 여성의 꼬임에 빠져 여성에게 착취당하는 남성을 의미하는 신조어입니다.,불쌍한 사람
혈중 마라 농도,혈중 알코올 농도에 빗댄 말로 마라탕을 얼마나 자주 먹었는지를 의미하는 신조어입니다.,체내 마라탕 섭취 농도 
홍대병,인디 문화의 상징과 같은 홍익대학교의 인근을 뜻하는 '홍대'라는 지명을 빌려와 한국형 힙스터인 척하는 사람들을 비꼬을 때 사용하는 신조어입니다.,힙한 척하는 사람
흙수저,부모에게 경제적 지원을 받기 어려운 가정에서 태어난 사람을 의미하는 단어입니다. 금수저의 반댓말로 사용됩니다.,가난한 사람
가성비,"""가격 대비 성능""의 줄임말 입니다.",가격 성능 대비
강퇴,강제 퇴장의 줄임말입니다.,강제 퇴장
갑툭튀,갑자기 툭 하고 튀어나온다의 줄임말입니다.,"갑자기 튀어 나오다, 갑자기 튀어, 갑자기 튀어 나오는 짓"
김치녀,한국 여성을 비하하는 말입니다.,나쁜 여자
나나,박박과 같이 존나의 뒷글자를 반복한 말입니다.,정말정말
남사친,"남자 사람 친구'의 줄임말으로, 좋아서 사귀는 감정 없이 단순히 성별이 남자인 친구를 뜻합니다. 이를 반대로 해석하여 '남자 사랑하는 친구'로 놀리는 때도 있습니다.",남자 사람친구
내로남불,내가 하면 로맨스 남이 하면 불륜'의 줄임말입니다.,"앞뒤가 다르다, 앞뒤가 다르, 앞 뒤가 다름, 앞뒤가 다른거"
넘사벽,어떤 것을 앞서갈 수 없다는 뜻하는 신조어입니다.,넘을 수 없는 벽
단짠,달고 짠 맛의 줄임말입니다.,달고 짠 맛
대깨,"좌파, 우파에 대한 맹목적인 지지 및 지지자들을 일컫는 말입니다.",맹목적 지지자
듣보잡,명사 ‘듣지도 보지도 못한 잡것의 줄임말입니다.,처음보는 사람
ㄹㅇㅋㅋ,레알ㅋㅋ'의 초성으로 ㅇㅈ와 비슷하지만 웃음의 뜻을 더 담고 있는 신조어입니다.,"재밋다, 재밋네"
성진국,성문화 산업이 발달한 일본을 일컫는 말입니다.(성 + 선진국),일본
셀카,자신이 카메라를 들고 자신을 찍는 일을 의미합니다. (self + camera) 비슷한 신조어에는 '셀피'도 있습니다. (self + picture),본인 사진
스펙,"영어단어 Specifications의 줄임말이며, 직장을 구하기 위해 필요한 자격증이나 경력사항, 출신 학교 등의 기록 또는 업적을 쌓아둔 것을 의미합니다. ","사회적 능력,  경력"
썸,호감이 있는 대상과 교제하기 전에 주고받는 미묘한 감정을 의미합니다. 두 사람의 사이에 무언가(something)가 있다는 말에서 유래했습니다.,"연애 전 알아가는 과정, 사귀기전 미묘한 감정"
악플,악플은 나쁜 의미를 담은 댓글을 의미합니다.,나쁜 뜻을 가지고 있는 댓글
안물안궁,안' '물'었고 '안' '궁'금해라는 문장에서 단어 앞글자들을 따온 말입니다. 관심이 없다는 뜻으로 해석할 수 있습니다.,"안 물었고 안 궁금해, 안 물었고 안 궁금"
엄친아,"엄마 친구 아들 은 자신보다 잘난 사람 또는 대중들에게 어느 것 하나 빠지지 않는 완벽한 사람을 비유적으로 이르는 말입니다. 엄마가 하는 말인 ""내 친구 아들은 ~한다는데""에서 유래했으며, 비슷한 말로는 엄친딸이 있습니다.","엄마 친구 아들, 영재"
여사친,여자 사람 친구 는 좋아서 사귀는 감정 없이 단순히 성별이 여자인 친구를 의미합니다.,여자 사람 친구
용자,용기 있는 자'의 줄임말로 용기 있는 행동을 한 자를 의미합니다.,용기있는 사람
움짤,움직이는 짤방의 줄임말입니다.,움직이는 사진
일반인 코스프레,일반인 + 코스프레'로 어떠한 것을 매우 좋아하여 이상한 사람처럼 보일 수 있는 사람이 주변인에게는 평범한 일반인처럼 보이려는 것을 의미합니다.,일반인 처럼 보이려 하는 행동
일코,일반인 코스프레'의 줄임말로 어떠한 것을 매우 좋아하여 이상한 사람처럼 보일 수 있는 사람이 주변인에게는 평범한 일반인처럼 보이려는 것을 의미합니다.,일반인 처럼 보이려 하는 행동
ㅈㄱㄴ,제곧내의 초성으로 '제목이 곧 내용'이라는 뜻입니다.,제목이 곧 내용
ㅈㅅ,죄송'의 초성으로 미안하다는 뜻입니다.,죄송합니다
자라니,"자전거의 ""자""자와 고라니의 ""라니""를 합친 말로, 고라니처럼 차량 운행이나 도로 상황을 좋지 않게 만드는 자전거 라이더를 의미합니다.",자전거 타며 남에게 피해주는 사람
존맛,존맛탱 JMT(존나 + 맛있다/+ -탱): 어떤 음식이 매우 맛있다는 표현입니다.,"정말 맛있다, 정말 맛있는 음식"
치맥,치킨 + 맥주의 줄임말입니다.,치킨과 맥주
카공족,카페에서 공부하는 족'의 줄임말로 카페를 학습 공간으로 사용하는 사람들을 의미합니다.,"카페에서 공부 하는 무리, 카페에서 공부 하는 사람"
텅장,텅 빈 통장'의 줄임말로 통장에 돈이 없거나 부족할 때 사용합니다.,텅 빈 통장
한남,"한국 남자의 줄임말로, 한국 남성들을 비하하는데 쓰이는 멸칭 또는 혐오표현입니다.",한국남자
인싸,"Insider 인사이더'의 앞글자로 사회그룹 안에 있는사람, 사회적으로 인기있고 사람을 의미합니다.","친화력 있는 사람, 친구 많은 사람"
인싸력,보통 사회성이 뛰어나 사람들과 잘 어울리고 인기가 많은 사람들의 특성을 '인싸력'이라고 말합니다.,친화력
아이폰짤,아이폰 스크린샷을 편집하여 만든 재미있는 이미지,아이폰으로 편집한 이미지
바이브,바이브 Vibe 는 분위기나 느낌을 의미하는 용어입니다. ,분위기
이지모드,Easy Mode 는 간단하고 쉬운 상태나 모드를 의미합니다.,간단한 상태
원피스룩,상의와 하의가 하나로 이어진 옷을 의미합니다. (One-Piece Look),원피스 코디
언팔,un follow의 한국식 발음에서 앞글자를 따온 말로 소셜 미디어에서 더 이상 팔로우하지 않음을 의미하는 용어입니다.,팔로우 끊기
셀카봉,스마트폰을 셀카 찍을 때 사용하는 스마트폰 지지 스틱을 의미합니다. (Selfie Stick),셀카스틱
인싸들러,인싸들과 함께 모여 다니는 사람을 지칭하는 말입니다.,친화력이 좋은 사람들
자몽녀,자몽처럼 산뜻한 이미지의 여자를 의미하는 용어입니다. 과즙상에서 유래된 말입니다.,산뜻한 느낌을 가진 여자
컨셉돌,특정 컨셉을 가지고 활동하는 아이돌그룹을 의미하는 말입니다.,컨셉을 담당한 멤버
이쁨배틀,서로의 예쁨을 겨루는 경쟁을 의미하는 용어입니다. ,외모 경쟁
투잡,직장 외에도 다른 일을 하며 수입을 만드는 것을 의미합니다.,"2개 이상의 일, 2개 이상의 일을 병행"
꿀잼,아주 재미있다는 뜻으로 '꿀'과 '재미'를 합친 말입니다.,"너무 재밋다, 너무 재미"
핵인싸,소셜 네트워크 등에서 많은 사람들과 인기있게 교류하는 사람으로 '핵'과 '인싸이더'를 합친 말입니다.,"인기 많은 사람, 인기 많은 사람이"
이지붐,손쉽게 즐길 수 있는 즐거운 경험을 의미하는 용어입니다.,쉽게 즐길 수 있는 경험
아재개그,아재는 아저씨의 다른 말로 아재 개그는 중년 남성들이 자주하는 유치하고 재미없는 농담(개그)을 의미합니다.,시대가 지난 개그
팔로워,소셜 미디어에서 자신의 계정을 구독하거나 팔로우하는 사람들을 가리키는 용어입니다.,팔로우 하는 사람들
꿀잠,아주 푹 자는 잠을 가리키는 말입니다.,개운한 잠
오마이갓,영어권에서 놀랄때 깜짝이야! 처럼 Oh My God(신이시여)라는 말을  감탄사로 놀라움을 표현하는 말입니다.,"너무 놀라워, 너무 놀람"
쇼미더,쇼미더는 영어 Show me the 를 한국어로 쓴 말로 보여달라는 의미입니다.,보여줘
소귀,소소하게 귀여운 사람입니다.,소소하게 귀여운 사람
프사,소셜미디어 등에서 프로필에 올려두는 사진을 의미하는 줄임말입니다. (Profile Picture),프로필 사진
카피녀,옷 메이크업 등을 사람들의 룩을 복사하여 따라하는 여자를 의미하는 말,다른 사람의 코디를 따라하는 여자
정주행,드라마나 영화 등을 쉬지않고 연속해서 보는 것을 의미합니다.,끊기지 않고 이어보기
실전재능,실제 상황에서 발휘하는 재능을 가리키는 용어입니다.,실전 재능
얼추,얼굴 만으로 대충 추측하는 말입니다.,얼굴로 추축
구두주의,말이 무겁고 예의 바른 발언을 강조하는 말입니다.,말을 아끼고 예의가 바른 발언
무신사,무심한 듯 차분하고 멋진 스타일을 지닌 남성을 지칭하는 말 무신사 쇼핑몰에서 유래했습니다.,"무심한 신사분, 무심한 신사분이"
카톡제막,메시지를 보고 답장하지 않는 사람을 지칭하는 말입니다.,읽고 답장하지 않는 사람
멘붕,멘탈 붕괴를 줄인 말로 정신적으로 지친 상태를 의미합니다.,정신적으로 지친 상태
메리제인,"대마초를 가리키는 마리화나(marijuana)에서 Mari(마리)와 Juana(후아나)는 스페인어 여성 이름으로, 영어로는 Mary(메리)와 Jane(제인)에 해당되기 때문에 이런 은어가 붙었습니다.",대마초
트랜드메이커,트렌드를 만들어가는 사람을 의미합니다. 유행 선도자와 일맥상통합니다.,트랜드 선두자
꿀조합,꿀+조합으로 아주 잘 어울리는 조합을 의미하는 말입니다.,아주 어울리는 조합
라틴댄스,라틴계의 춤을 춰서 행복한 느낌을 갖는 것입니다.,라틴댄스
외모지상주의,외모를 너무 중요시하는 태도를 의미하는 말입니다.,외모가 중요시 된 사회
티켓팅,인기 있는 티켓 구매를 하는 행위를 말합니다.,티켓팅
눈뽀개기,아주 졸릴 때 눈을 자극하여 기운을 찾기 위한 행동을 의미합니다.,눈을 자극하여 기운을 찾기 위한 행동
트친,트위터 친구의 줄임말 입니다.,트위터 친구
모쏠,모태솔로로서 연애 경험이 없는 사람입니다. (모태+솔로),"여지것 혼자, 태어나서 지금까지 연애 무경험"
발라드병,발라드를 너무 좋아하여 중독된 상태를 의미하는 말입니다.,"발라드를 많이 좋아하는 상태, 발라드를 많이 좋아하는 상태에"
유트브충,유튜브를 즐기고 콘텐츠를 많이 업로드하는 사람을 속된말로 부르는 말입니다.,"유튜브에 푹 빠진, 유튜브에 푹 빠진 사람"
선망스러움,선망하고 부러워하는 감정을 표현한 말입니다. ,선망하고 부러워하는 감정
눈치채삼,눈치가 빠른 사람들이 모여 다니는 모습을 지칭하는 단어입니다.,눈치 빠른 사람들
요즘식구,요즘 시대의 가족 관계를 의미하는 단어입니다.,요즘 시대 가족
폰피커,스마트폰을 스피커 처럼 사용하는 것을 의미합니다.,핸드폰 스피커
찐맛집,진짜 맛있는 음식점을 가리키는 용어을 의미합니다.,진짜 맛집
계절템,계절마다 인기 있는 옷이나 패션 아이템을 지칭하는 말을 의미합니다.,계절 아이템
트친소,같은 팬덤이거나 여러가지로 마음이 맞는 사람들과 트친을 맺고 싶을때 올리는 트윗을 의미합니다.,트위터 친구와 소계
어팩추,어디서 팩을 했는지 추천의 줄임말입니다.,어디서 팩을 했는지 추천
영앤리치,어리고 부자인 사람이라는 뜻 young + rich의 합성어,"어리고 부자인, 어린 부자"
꿀탱,꿀+달탱이를 합친 말로 매우 기분 좋은 상태를 의미합니다.,매우 기분 좋은 상태
스압,인터넷에서 게시물의 분량이 커지면 그만큼 스크롤바의 크기가 작아지고 또 그 만큼 많이 내려야 하기 때문에 스크롤바를 아래로 잡아 당기거나 휠을 돌리는 것이 가히 압박적이라 해서 이렇게 부릅니다.,용량이 큰 게시물
아우라,개인적으로 주위에 느껴지는 분위기를 의미하는 단어입니다.,압도적 분위기
낚시,상대방에게 쉽게 빠지도록 꾀어내는 것을 의미하는 단어입니다.,"거짓말, 사기, 속이는거, 사기치는거"
존잘남,존재가 잘난 남성을 의미하는 단어입니다.,정말 잘생긴 남자
카더라,"정확한 근거가 부족한 소문을 추측 사실처럼 전달하거나, 그런 소문을 의도적으로 퍼트리기 위한 행위, 추측성으로 만들어진 억측 또는 소문을 의미합니다.","추측, 하더라"
쇼크,모든 사람들이 놀라는 춤을 지칭합니다.,"놀랍다, 충격, 충격이"
인강,인터넷 강의의 줄임말입니다.,인터넷 강의
데스티니,운명이라는 뜻을 지니고 있으며 목표나 운명에 대한 표현으로 사용됩니다.,운명
휴직,일을 쉬구있는 상태를 의미합니다.,일을 쉬구있는 상태
집돌이,집에서만 활동하는 사람을 의미합니다. (집순이 + 남자),집에만 머물고 있는 사람
포스터,블로그 포스트를 자주 하는 사람을 의미합니다. (포스팅+스타),"블로그 포스트를 자주 하는 사람, 블로그 포스트"
육아휴직,육아를 위해 일을 쉬는 휴가를 지칭하는 말을 의미합니다.,육아휴직
인싸클리닉,인싸가 되기 위해 병원을 간 것처럼 인싸능력을 키우는 곳을 의미합니다.,"인싸능력을 키우는 곳, 인싸능력을 키우는 장소"
리액션캠,다른 사람의 반응을 찍는 카메라을 의미합니다.,"사람의 반응을 찍는 카메라, 사람의 반응을 찍은 영상"
주부운전,남편의 차를 타고 다니는 주부들을 지칭하는 말을 의미합니다.,남편의 차를 타고 다니는 주부
돌싱녀,이혼 경험이 있는 여성을 지칭하는 말을 의미합니다.,이혼녀
댕댕아,강아지를 귀엽게 가리키는 말입니다.,강아지
눈치팔이,주위 사람들의 눈치를 많이 보는 사람을 가리키는 말입니다.,"눈치를 많이 보는 사람, 눈치를 많이 보는 행위"
오오티디,Outfit of the Day의 발음을 한국어로 표현한 신조어입니다.,오늘의 패션 
OOTD,Outfit of the Day의 줄임말입니다.,오늘의 패션
인플루언서,소셜 미디어를 통해 영향력을 행사하는 사람을 의미하는 말입니다.,소셜미디어에서 유명한 사람
UBD,17만 명의 관객을 동원하는 데에 그쳐 흥행에 실패한 《자전차왕 엄복동》의 영문 이니셜을 활용하여 만든 관객 수를 세는 단위로 1 UBD는 17만 명이다.,17만명 단위
광우뻥,2007년 4월 당시부터 시작된 미국산 소 관련 광우병(소해면상뇌병증)의 관련된 파문과 2008년 MBC PD수첩의 미국산 쇠고기 관련 보도 등을 가장 강하게 비꼬는 취지의 말이다.,"오역, 거짓 뉴스에 대한 풍자"
귀맹랑법,청탁접대금지법(김영란법)이라는 이른바 부정 청탁 및 금품 등 수수 관련 금지에 관한 법률(2016년 제정)의 허점을 부정적으로 비꼬는 말.,"김영란법의 허점, 김영란 법"
각,가능성 상황. 게임 리그 오브 레전드의 흥행을 통해 널리 유행하게 되었으며 상대 플레이어를 죽일 가능성을 '킬 각(kill 角)'이라고 하였고 줄여서 '각'이라고 하였다.,가능성
딸피,주로 FPS게임에서 사용되는 용어로 총을 사용해 적에게 타격을 주었으나 죽지는 않고 피가 많이 닳았다는 뜻 피가 조금밖에 없다는 죽기 일보직전이라는 말이다.,죽기 일보직전
개피,주로 FPS게임에서 사용되는 용어로 총을 사용해 적에게 타격을 주었으나 죽지는 않고 피가 많이 닳았다는 뜻 피가 조금밖에 없다는 죽기 일보직전이라는 말이다.,죽기 일보직전
광클,미친(狂) 듯이 마우스 버튼을 빠르게 클릭하는 것을 말합니다.,빠르게 마우스 클릭
너프,디버프 약화. 《울티마 온라인》에서 어떤 칼의 능력치를 격하시켰는데 이를 두고 사용자들이 '무슨 너프 칼인가'라고 말한 것에서부터 유래되었다. 너프는 실존하는 장난감 브랜드이다. 이 단어가 만들어지고 후에 '버프'라는 단어가 파생되어 '능력치를 좋게 한다'라는 뜻으로 자리잡았다.,다운그레이드
다구리,포트리스에서 유래한 말이지만 다구리에서 파생된 말로 여러 명이서 한 명을 공격한다는 뜻입니다.,한명을 여려명이서 공격
다굴,포트리스에서 유래한 말이지만 다구리에서 파생된 말로 여러 명이서 한 명을 공격한다는 뜻입니다.,한명을 여려명이서 공격
본캐,본(本) 캐릭터'의 준말로 게임을 처음 시작했을 때부터 관리한 캐릭터 혹은 가장 중요한 캐릭터를 뜻하는 단어입니다.,메인 캐릭터 
부캐,부속으로 딸린 캐릭터'로 '본캐'와 반대의 의미하는 신조어입니다.,부속 캐릭터
서서도,슈퍼 마리오 메이커 2에서 배틀 시스템이 도입되어 있는데 여기서 메시지 중 하나인 '서로서로 도와요!'를 플레이어가 이 메시지를 쓴 플레이어를 죽였을 때 쓰입니다.,서로서로 도와요
하드캐리,팀 전투 게임에서 한 사람이 뛰어난 활약으로 팀의 승리를 이끈(carry) 것을 뜻한다. 의미가 확장되어 게임 이외의 분야에서도 쓰입니다.,눈부신 활약
캐리,팀 전투 게임에서 한 사람이 뛰어난 활약으로 팀의 승리를 이끈(carry) 것을 뜻한다. 의미가 확장되어 게임 이외의 분야에서도 쓰입니다.,"이끔, 이끌었"
테크,"순서, 절차 계획. 테크놀로지 트리(Technology Tree)의 줄임말로 스타크래프트에서 유닛을 업그레이드하는 순서를 뜻하는 말입니다.","순서, 절차 계획"
트리,"순서, 절차 계획. 테크놀로지 트리(Technology Tree)의 줄임말로 스타크래프트에서 유닛을 업그레이드하는 순서를 뜻하는 말입니다.","순서, 절차 계획"
테크트리,"순서, 절차 계획. 테크놀로지 트리(Technology Tree)의 줄임말로 스타크래프트에서 유닛을 업그레이드하는 순서를 뜻하는 말입니다.","순서, 절차 계획"
개드립,디시인사이드 코미디프로그램갤러리에서 태생된 단어로서 애드리브(adlib)와 폄하의 의미를 가진 '개'의 합성어. 상대방이 (정도가 심한)터무니없는 말을 하거나 진실되지 못한 발언을 할 때 (개)드립이라고 일축한다. 일반적으로 자신의 필요없는 창의력을 이용하여 남으로부터 관심을 받으려는 대표적인 행위이다. 흔히 개드립치지 마라는 뜻으로 쓰인다.,말장난
뇌절,원래 나루토에 등장하는 기술 이름으로 똑같은 말이나 행동을 반복하여 상대를 물리게 하는 일을 뜻합니다.,"곤경, 멘탈붕괴, 반복"
덕후,"덕, 오덕후,오덕,씹덕 어떤 분야에 집중하는 정도가 강한 사람을 가리킨다. 2005년 디시인사이드 애니메이션 갤러리에서 ‘오덕후’라는 단어를 처음으로 사용하였다. 덕후로서 하는 일을 덕질이라고 합니다.","한 부분에 강한 집착을 보이는 사람, 한 부분에 강한 집착을 보이는"
박퀴벌레,박사모 틀딱들은 '바퀴벌레'와 같다는 말에서 유래한 신조어입니다.,박사모 혐오단어
코로나블루,코로나 바이러스로 인한 우울증과 무기력함을 의미하는 신조어입니다.,"코로나로 인한 우울증, 코로나로 인한 우울증이, 코로나로 인한 우울증에"
온라인데이트,인터넷을 통해 온라인으로 데이트하는 것을 의미하는 신조어입니다.,온라인 데이트
홈쿡,집에서 요리하는 것을 의미하는 신조어입니다.,집에서 요리
도시락파티,개별적으로 준비한 도시락을 모아 간단한 파티를 즐기는 것을 의미하는 신조어입니다.,도시락 파티
유행어,일시적으로 인기가 많은 언어나 표현을 의미하는 신조어입니다.,"유행하는 단어, 유행하는 말"
마진콜,투자 손실로 인해 발생하는 추가증거금 요구. 어느 포지션이든간에 일단 손실이 생겨서 발생하는게 마진콜이기 때문에 대체로 부정적인 의미합니다.,마진콜
비트콜,가격이 크게 하락하여 매수 기회로 판단하여 주식 등을 구매하는 것을 의미하는 신조어입니다.,비트콜
블루투스마스크,마스크 안에서 블루투스 이어폰을 사용하는 것을 의미하는 신조어입니다.,마스크 안에서 블루투스 이어폰 사용
포스트코로나,코로나 이후의 시대를 의미하는 신조어입니다.,코로나 이후에 시대
언택트,비대면 온라인 문화를 의미하는 신조어입니다.,비대면 접촉
부산세도심권,"경제활동과 문화, 쇼핑 등이 활발히 이루어지는 부산의 중심지를 의미하는 신조어입니다.",부산세도심권
디지털노마드,일정한 사무실이나 집에 국한되지 않고 디지털 기술을 활용하여 여행하며 일하는 것을 의미하는 신조어입니다.,디지털 유목민
잔디털보드,디지털 잔디에 글을 올리듯이 인터넷에 글을 쓰는 것을 의미하는 신조어입니다.,인터넷에서 글쓰기
포토투어,사진을 찍으며 여행하는 것을 의미하는 신조어입니다.,사진찍고 다니는 여행
백신 부작용,백신 접종 후 발생하는 부작용을 의미하는 신조어입니다.,백신 부작용
1도,"하나도. 헨리가 2014년에 MBC 《진짜 사나이》에서 군내 퀴즈 대회의 정답으로 ‘모라고 하는지 1도 모르겠습니다’라고 적은 것에서 유래한 ‘1도 모르겠다.’가 먼저 유행하였고, 이후 ‘1도 없다.’ 등의 표현이 유행하였습니다.",하나도
극대노,"아주 심하게 화를 냄. 2001년에 SBS 시트콤 《웬만해선 그들을 막을 수 없다》에서 나왔다.[130] 화내는 단계 중 제일 높은 단계이며 아래로는 극소노, 소노, 중노, 대노가 있다.",화가 매우난 상태
먹방,먹으면서 하는 방송의 줄임말로 영화 《황해》에서 하정우가 김밥을 먹는 장면을 본 관객들이 깊은 인상을 받으면서 퍼지기 시작했다. 일반적으로 먹방은 시청자로 하여금 출연자가 먹는 음식을 먹고 싶게 만드는 신종 밥도둑과 같은 것이라고 한다,먹는 방송
빵꾸똥꾸,"2009년에 MBC 일일시트콤 《지붕뚫고 하이킥!》에서 나온 말이다. 극중에 평소 방귀를 잘 뀌는 순재는 어린 해리 앞에서도 방귀를 뀌어댔다. 해리의 엄마인 현경은 순재에게 ""아버지는 그렇게 똥꼬를 들이대고 방귀를 뀌세요?""라고 했고 순재는 ""방귀 뀌면 어때서? 너야말로 애비한테 똥꼬가 뭐야! 똥꼬가!""라고 했다. 그러자 현경은 ""애한테 자꾸 방귀를 먹이니까 똥꼬라고 하죠!""라고 했다. 그러자 순재는 ""방귀 먹인다고 똥꼬라고 해?""라고 하자 말을 막 배우던 해리는 할아버지 순재를 '빵꾸똥꾸'라고 부르기 시작했고 그 후부터 해리는 마음에 안 드는 사람은 ""빵꾸똥꾸""라고 부르기 시작한다.",바보
좋은가봉가,「동사」 2013년에 MBC 예능 《아빠! 어디가?》에서 나온 유행어이다. 프로그램에 출연하는 윤민수의 아들 윤후가 송종국의 딸인 지아가 자기를 좋아하는 것 같다는 뜻에서 '지아가 나가 좋은가봉가'라는 말을 하였다. 아이의 순수하고 귀여운 모습에 '좋은가봉가'는 유행어가 되었다.,좋은가봐
케찹고백,2017 설 아육대 촬영장에서 여자친구 엄지가 팬들에게 “케첩 두 개 받은 사람! 양심고백!”이라 말한 데에서 시작된 유행어로 사소한 것에 대한 고백을 의미한다.,양심선언
누가 기침소리를 내었어,"《태조 왕건》이라는 드라마에서 신하가 기침을 하자 궁예가 ""누구인가? 누가 기침소리를 내었어?""라고 한 것이 결국 유행어가 되었다.","누가 소리를 냈을까, 누가 소리를 냈어"
플렉스타그램,플렉스를 자랑하는 사진을 인스타그램에 올리는 것을 의미하는 신조어입니다.,자랑글
떡상,급속도로 인기가 오르거나 상승하는 것을 의미하는 신조어입니다.,급상승
아싸,아웃사이더의 준말로  소외된 사람들을 지칭하는 신조어입니다.,"소외된 사람, 소외된 사람이"
유튜버,유튜브에 동영상 컨텐츠를 업로드하여 활동하는 사람을 의미하는 신조어입니다.,유튜브로 수익을 내는 사람
팬데믹,전 세계적인 유행병 상태를 의미하는 신조어입니다.,유행병 상태
페미,여성의 권리와 평등을 주장하는 페미니즘을 의미하는 신조어입니다.,페미니스트
오바,과도한 감정 표현을 의미하는 신조어입니다.,과한반응
세포화,집콕하며 집에서 셀프 시간을 갖는 것을 의미하는 신조어입니다.,집에 혼자있는 시간
빅데이터,대규모 데이터를 의미하는 신조어입니다.,대규모 데이터
페이크뉴스,거짓 정보를 의미하는 신조어입니다.,가짜 뉴스
메타버스,가상 현실의 한 종류로 가상 공간에서 사회적 활동을 하는 것을 의미하는 신조어입니다.,가상공간 
공감콘텐츠,대중들에게 공감을 얻을 수 있는 콘텐츠를 의미하는 신조어입니다.,공감 콘텐츠
브이라인,우리나라는 과거 엉덩이가 크고 얼굴도 둥글둥글한 복스러운 얼굴형을 가진 이들을 미인이라 생각했다. 하지만 현재는 미적 기준이 달라지면서 둥근 얼굴보다는 이른바 'V라인'이라 일컫는 갸름한 얼굴을 선호하고 있다.,갸름한 얼굴
비대면시험,대면으로 시험을 보지 않고 온라인으로 시험을 보는 것을 의미하는 신조어입니다.,비대면 시험
데일리룩,일상적으로 입는 의상이나 스타일을 의미하는 신조어입니다.,일상복
리포스트,다른 사람의 게시물을 자신의 SNS 계정에 다시 올리는 것을 의미하는 신조어입니다.,글 다시 올리기
집콕,집에 머물며 나가지 않는 것을 의미하는 신조어입니다.,"집에 머물며 나가지 않는 것, 집안에 있기"
먹튀,"속어이자 약자의 일종으로, '먹고 튀다'의 준말이며 정당한 대가를 치르지 않거나 이익만 챙겨서 떠나는 행위입니다.","먹고 도망가다, 먹고 도망갔어, 먹고 도망"
멍뭉이,외모나 분위기 따위에서 느껴지는 강아지 같은 귀여움 을 뜻하는 말입니다.,귀여운 사람
와타시노,나의 것을 강조하는 표현을 의미하는 신조어입니다.,나의 것
드립,재치있고 유머러스한 말을 하는 것을 의미하는 신조어입니다.,개그
모태솔로,생애 처음으로 연애한 적이 없는 사람을 의미하는 신조어입니다.,한번도 연애 못해본 사람
썰전,뜬금없는 이야기나 비밀스러운 이야기를 나누는 것을 의미하는 신조어입니다.,이야기 나누기
고오급,고급스러움을 강조하는 신조어입니다.,고급
인생샷,인생 사진을 의미하는 신조어입니다.,제일 잘찍은 사진
내돈내산,자기 자신이 선물을 받지 않고 직접 구입한 선물을 의미하는 신조어입니다.,"내 돈으로 내가 산 것, 내 돈으로 내가 산 거"
심쿵,심장이 쿵하는 느낌을 의미하는 신조어입니다.,"두근, 두근거리는, 두근거림"
논리폭격기,논리적인 주장이나 논리를 날카롭게 사용하는 사람을 의미하는 신조어입니다.,"비판하는 사람, 비판, 비판하는 사람이"
비앤비,비즈니스 앤 브랜드의 줄임말로  비즈니스와 브랜드를 동시에 진행하는 것을 의미하는 신조어입니다.,비즈니스 앤 브랜드
이모화,이모티콘을 활용하여 감정을 표현하는 것을 의미하는 신조어입니다.,이모티콘 활용
뚜벅이,느릿느릿 걸으며 다니는 사람을 의미하는 신조어입니다.,걸어다니는 사람
멘탈,정신적인 강도나 강인함을 의미하는 신조어입니다.,정신력
핫스팟,인기있는 장소를 의미하는 신조어입니다.,인기있는 장소
코덕,코스플레이를 덕후로 즐기는 사람을 의미하는 신조어입니다.,코스프레 좋아하는 사람
직딩,직장인과 대학생을 합성한 말로  직장생활과 대학생활을 동시에 겪는 사람을 의미하는 신조어입니다.,직장인
썰방,썰 푸는 방송을 뜻하는 말입니다.,이야기 하는 방송
패드립,가족을 욕하는 말입니다.,가족욕
이득충,입니다.,이득을 추구하는 사람
추공,추석과 공포의 합성어로  추석 기간이 무서운 사람들을 이르는 말입니다.,추석 공포
가짜뉴스,가짜 뉴스의 줄임말로  사실과 다른 정보를 전달하는 뉴스를 의미하는 신조어입니다.,가짜 뉴스
와칸다,블랙 팬서의 와칸다를 의미하는 신조어입니다.,와칸다
땡긴다,땡땡이가 움직이거나 땅에 떨어진다는 뜻으로  무언가를 열망하거나 바라는 상태를 의미하는 신조어입니다.,끌린다
땡기네,땡땡이가 움직이거나 땅에 떨어진다는 뜻으로  무언가를 열망하거나 바라는 상태를 의미하는 신조어입니다.,끌린네
땡겨,땡땡이가 움직이거나 땅에 떨어진다는 뜻으로  무언가를 열망하거나 바라는 상태를 의미하는 신조어입니다.,끌려
월요병,월요일에 기분이 나빠지는 현상을 의미하는 신조어입니다.,"월요일이 싫은 상태, 월요일에 일하기 싫은"
덕덕,덕후의 줄임말로  취미를 뜻하는 신조어입니다.,"좋아하는 것을 하는 상태, 취미, 덕후"
주글,주목과 글의 합성어로 주목할 만한 글을 의미하는 신조어입니다.,주목할 만한 글
패런,패션과 인플루언서의 합성어로  패션 인플루언서를 의미하는 신조어입니다.,패션 인플루언서
흠칫뿡,흠칫거리며 뿡하는 소리를 표현하는 신조어입니다.,흥칫뿡
이색품,이색상품의 줄임말로  독특하고 이색적인 상품을 의미하는 신조어입니다.,이색강품
로판,로맨스 판타지의 줄임말로 로맨스 판타지 장르의 소설을 의미하는 신조어입니다.,로맨스 판타지
살사,살아서 하자와 사람들의 합성어로  살아서 하자는 사람들을 의미하는 신조어입니다.,살아서 하자
애교점,애교와 포인트의 합성어로  애교가 강조되는 장면을 의미하는 신조어입니다.,귀여운 부분
주식쟁이,주식과 쟁이의 합성어로  주식을 열심히 하는 사람을 의미하는 신조어입니다.,주식을 하는 사람
애플남,애플과 남자의 합성어로  애플제품을 좋아하는 남자를 의미하는 신조어입니다.,"애플을 좋아하는 남자, 애플 브랜드를 좋아하는 사람"
넷플릭스앤칠,"말그대로 해석하자면 ""넷플릭스 보면서 쉴래?""라는 뜻이며, 자연스럽게 둘만의 공간에서 데이트하자는 뜻입니다.",라면 먹으러 갈래?
꼼꼼쌤,꼼꼼하고 선생님의 합성어로  선생님 같이 꼼꼼한 사람을 의미하는 신조어입니다.,꼼꼼한 선생님
댕댕유치원,댕댕이와 유치원의 합성어로  댕댕이가 유치원에 다니는 것을 의미하는 신조어입니다.,강아지 유치원
찍먹,"새로운 게임이나 컨텐츠, 시스템이 자신에게 맞는지를 확인하기 위해 잠시 체험삼아 플레이해본다거나, 수험생들이 다른 강사의 컨텐츠를 체험삼아 학습하는 말입니다.",체험
행쇼,행복과 쇼핑의 합성어로  쇼핑을 하면서 행복한 기분을 느끼는 것을 의미하는 신조어입니다.,행복한 쇼핑
일비,일과 비오는 날의 합성어로  비오는 날에도 일을 하는 것을 의미하는 신조어입니다.,"비오는 날에 일간다, 비오는 날에도 일해"
쿨하다,"뒤끝 없고, 도시적이고, 스마트하고 시크하고 도도하고 사소한 것에도 얽매이지 않는 사람을 연상하게 하는 의미입니다.","멋있다, 시크하다, 사소한거에 집착하지 않는다"
집순이,집에숨다와 순이의 합성어로  집에 쉬는 순이와 같이 집에만 있는 사람을 의미하는 신조어입니다.,"집에 있는 사람, 집에서 쉬는 사람"
방돌이,방돌아와 돌아다니는 사람의 합성어로  방에만 있는 사람을 의미하는 신조어입니다.,"방에 있는 사람, 방에서 쉬"
다크 패턴,사람을 속이기 위해 설계된 사용자 인터페이스(UI)를 뜻하는 말입니다.,다크패턴
스킴플레이션,물가는 오르는 와중에 상품과 서비스의 양이나 질이 눈에 띄지 않게 떨어지는 현상입니다.,스킴플레이션
FOMO,놓치는 것을 두려워하는 심리로  부유한 자산 시장에 참여하지 못한 사람들이 상대적 박탈감을 느끼는 현상입니다.,포모 증후군
포모 증후군,놓치는 것을 두려워하는 심리로  부유한 자산 시장에 참여하지 못한 사람들이 상대적 박탈감을 느끼는 현상입니다.,포모 증후군
Zinance,Z세대와 금융을 결합한 용어로  Z세대의 적극적인 금융활동과 투자를 나타냅니다.,젊은 사람의 투자 활용
자이낸스,Z세대와 금융을 결합한 용어로  Z세대의 적극적인 금융활동과 투자를 나타냅니다.,젊은 사람의 투자 활용
E플레이션,E플레이션  에너지와 인플레이션의 결합어로  에너지 원자재 가격 상승으로 인한 전체적인 물가 상승을 의미합니다.,에너지 원자재 가격 상승
Phygital,오프라인 공간과 온라인 공간의 융합으로  온라인의 편리함과 오프라인의 물리적 경험을 결합하는 전략을 의미합니다.,피지털
피지털,오프라인 공간과 온라인 공간의 융합으로  온라인의 편리함과 오프라인의 물리적 경험을 결합하는 전략을 의미합니다.,피지털
체리슈머,최대한 알뜰하게 소비하는 전략적 소비자라는 뜻의 말입니다.,알뜰한 소비자
밀크플레이션,우유 가격 인상 여파로 식품 가격이 연이어 상승하는 현상을 뜻하는 말입니다.,밀크플레이션
팬더스트리,K팝 아티스트를 응원하는 팬덤문화가 산업화되는 것을 의미입니다.,K팝 아티스트를 응원하는 팬덤문화의 산업화
디깅소비,한 분야에 집중하고 탐닉하는 마니아적 소비를 일컫는 말입니다.,마니아적 소비
차이나런,중국 경제의 불확실성이 커지면서 중국 투자 자금이 빠져나가는 현상입니다.,탈중국화
뱅보드차트,저축은행들의 실시간 예금금리 순위를 일컫는 단어입니다.,예금금리 순위
금리 노마드족,이자를 조금이라도 더 주는 예적금 상품으로 갈아타기 하는 사람들을 뜻하는 말입니다.,더 높은 예적금 상품으로 갈아타기 하는 사람들
짠테크,2030 사이에서 확산되고 있는 소액까지 꼼꼼히 챙기는 소비를 일컫는 신조어입니다.,꼼꼼한 소비
홀리몰리과카몰리,놀랄 때 사용하는 영어권 감탄사인 '홀리몰리'에 '과카몰리'가 추가된 업그레이드 된 감탄사를 뜻하는 말입니다.,너무 놀랍다
ㄱㄷㄴ,극한의 큰 분노인 극대노를 줄인 표현입니다.,"매우 화가난다, 화 낸, 화가 난 상태"
ㅇㄴㄷ,야 나도 동감의 표현입니다.,"나도 동감, 야 나도, 나도 동감해"
ㅁㅊㄷㅁㅊㅇ,미쳤다 미쳤어의 줄임말입니다.,놀랍다 놀라워
ㄴㄱㄴ,너 곧나  너의 의견이 곧 나의 의견이다  이라는 뜻의 말입니다.,너의 의견이 곧 나의 의견
WLS,진짜 중의 진짜라는 뜻으로 찐의 다른 의미입니다.,진짜
ㅇㄱㄹㅇ,이거 레알이라는 뜻으로 이거 정말이라는 뜻입니다.,이거 정말
런치투어족,점심 안 먹고 자기 계발에 시간 활용하는 직장인이라는 말입니다.,"점심시간을 활용하여 자기계발,점심시간을 활용하여 자기계발 활동"
리세마라,좋게 풀릴 때까지 반복하는 노가다 라는 말입니다.,"게속 반복, 반복"
망붕 렌즈,사실이 아닌 다른 시선으로 바라보는 것 이라는 뜻의 말입니다.,상상
메신저 감옥,카카오톡에서 언제 어디서나 지시가 가능해져서 생긴 신조어,"언제 어디서나 지시,언제 어디서나 지시당해"
빼박 캔트,취소할 수 없다는 말입니다.,"확실한 사실, 결론, 결론이"
스좁비,스마트폰만 보며 앞도 제대로 안 보는 사람들을 말합니다.,핸드폰만 보면서 돌아다니는 사람
오놈아놈,오 요놈 아는 놈인가?의 줄임말입니다.,이 사람인가
운도남녀,운동화 신고 출근하는 남녀 라는 뜻의 말입니다.,운동화 신고 출근하는 남녀
월급 로그아웃,통장에서 월급이 들어오자마자 카드값과 세금 등으로 빠져나가는 상태 라는 말입니다.,"월급이 들어오자마자 카드값과 세금 등으로 빠져나가는 상태, 월급이 들어오자마자 돈이 다 나갔어"
코로나 케이션,코로나로 인해 학교를 쉬면서 마치 방학과 같다는 뜻입니다.,코로나로 인한 방학
타임 푸어,시간에 쫓기는 삶 이라는 뜻의 입니다.,바쁜 삶
펭귄부부,식생활과 외식  여가 등을 모두 어린 자녀에게 맞추는 부부라는 뜻의 말입니다.,어린 자녀에게 맞추는 부모
확찐자,확 살이 찐자를 뜻 하는 말입니다.,"살이 갑자기 찐 사람, 갑자기 살찜"
회의주의자,뻑하면 회의하자고 하는 직장인 이라는 뜻의 말입니다.,회의 자주하는 사람
살코기 세대,불필요한 인간관계를 최소화한 세대를 뜻하는 말입니다.,인간관계를 최소화한 세대
편백족,끼니 등을 편의점에서 해결하면서 옷이나 신발 등은 백화점에서 명품을 사는 사람을 뜻합니다.,"사치를 부리는 사람, 사치"
대 2병,취업과 진로에 대한 고민으로 대학교 2학년생들이 겪는 불안감를 뜻하는 말입니다.,"취업과 진로에 대한 고민, 취업과 진로에 대한 고민에 병"
연서복,막 제대해서 연애에 서툰 복학생을 뜻하는 말입니다.,연애에 서툰 복학생
쓸쓸 비용,외로움을 달래기 위해서 쓰는 비용을 뜻하는 말입니다.,외로움을 달래기 위해서 쓰는 비용
톤그로,얼굴에 맞지 않는 색조 화장품을 사용하는 사람을 뜻하는 말입니다.,맞지 않는 화장품
영끝,영혼까지 끌어모으다의 줄임말입니다.,"수중에 모든것을 모으다, 가진 모든것을 모아서"
능지,지능을 거꾸로 말한 단어로 의미는 지능과 동일한 말입니다.,지능
글설리,글쓴이를 설레게 하는 리플을 말합니다.,설레는 글
루삥뽕,아무런 의미가 없는 웃음소리와 같은 의성어입니다.,재밋다
나홀로족,혼자만의 여유를 중시하는 세대를 뜻하는 말입니다.,"혼자만의 여유를 가지는 삶, 혼자만의 여유"
파이어족,30대 말이나 늦어도 40대 초반까지는 조기 은퇴하려는 사람들을 뜻하는 말입니다.,"빨리 벌어서 일찍 은퇴하는 사람, 빨리 벌어서 일찍 은퇴"
먹노매,먹이를 노리는 매의 눈의 줄임말입니다.,먹이를 노리는 매의 눈
실매,실시간 매니저의 줄임말로 유튜브 및 인방(인터넷 방송)에서 사용되는 신조어입니다.,실시간 매니저
머쉬업,무리한 혼합이나 융합을 의미하는 신조어입니다.,무리한 혼합
플리투,플리투스타일의 줄임말로  자유분방하고 솔직한 스타일을 의미하는 신조어입니다.,쟈유로운 스타일
이짓뚜드림,이야기를 뚜들 것처럼 만드는 꿈을 의미하는 신조어입니다.,이짓뚜드림
버디링,버디와 트링과의 합성어로  버디와 트링으로 친구를 만드는 것을 의미하는 신조어입니다.,버디링
라이꿀,라이언과 꿀의 합성어로  라이언 인형을 꿀처럼 꾸미는 것을 의미하는 신조어입니다.,라이꿀
Zero Trust,외부 뿐만 아니라 내부까지 모든 요소를 신뢰하지 않는 보안 모델입니다.,제로 트러스트
제로 트러스트,외부 뿐만 아니라 내부까지 모든 요소를 신뢰하지 않는 보안 모델입니다.,제로 트러스트
브레그렛,영국의 EU 탈퇴 이후 후회하는 분위기 라는 말입니다.,영국의 EU 탈퇴 이후 후회하는 분위기
무지개매너,무지+개매너의 합성어. 매너가 매우 없다는 뜻입니다.,"매너가 없다, 매너가 없네"
버터페이스,"BUT HER FACE' 모든 방면이 뛰어나지만, 외모가 아쉬운 여성에게 쓰이는 말입니다.","모든 방면이 뛰어나지만 외모가 아쉬운 여성, 얼굴 뺴고 완벽"
가싶남,가지고 싶은 남자의 줄임말입니다.,가지고 싶은 남자
댓망진창,댓글이 논리가 없고 엉망진창이다 라는 뜻입니다.,댓글이 논리가 없고 엉망진창
번달번줌,번호 달라고 하면 번호 줌?의 줄임말로 좋아하는 이성에게 대시할 때 쓰는 말입니다.,번호 달라고 하면 번호 줌?
파덜어택,아버지에게 혼났다는 뜻입니다.,훈육
엄빠주의,엄마 아빠를 조심하라는 뜻입니다.,엄마 아빠 조심
아벌구,입만 열면 거짓말이라는 속된 표현의 말입니다.,"거짓말쟁이, 거짓말만 하네, 거짓말만 한다"
우유남,우월한 유전자를 가진 남자의 줄임말입니다.,"우월한 유전자를 가진 남자, 완벽한 사람"
가스 라이팅,상황 조작을 통해 타인의 마음에 자신에 대한 의심을 불러일으켜 현실감과 판단력을 잃게 만듦으로써 그 사람을 정신적으로 황폐화시키고 그 사람에게 지배력을 행사하여 결국 그 사람을 파국으로 몰아가는 것을 의미하는 심리학 용어입니다.,정신조작
테이퍼링,경기 침체기에 경기 회복을 위하여 썼던 각종 완화 정책과 과잉 공급된 유동성을 경제에 큰 부작용이 생기지 않도록 서서히 거두어들이는 전략을 말합니다.,테이퍼링
위드 코로나,"(=with Corona) 코로나19의 장기화에 따른, 코로나19를 예방하며 일상생활을 해야 하는 시기 또는 정책을 말합니다.",위드 코로나
네거티브,영어의 네거티브(negative)로 특히 각종 선거 운동 과정에서 상대방에 대한 '기면 기고 아니면 그만이다'라는 식으로 마구잡이로 하는 음해성 발언이나 행동을 일컫는 말입니다.,"음해성 발언, 행동"
티키타카,티키타카(tiqui-taca)는 스페인어로 탁구공이 왔다 갔다 하는 모습을 뜻하는 말로 짧은 패스를 빠르게 주고받는 축구 경기 전술을 말하기도 한다. 최근에는 사람들 사이에 잘 맞아 빠르게 주고받는 대화를 의미하기도 하는 말입니다.,"대화가 잘 통함, 대화, 주고받는게"
깐부,"딱지치기, 구슬치기 등 놀이를 할 때 같은 편을 의미하는 속어로, 딱지나 구슬 등도 공동 관리하는 한 팀을 의미한다. (=깜보, 깐보)","같은 편, 같은 편이"
치팅데이,"치팅데이(Cheating Day)는 '(몸을) 속인다'라는 뜻의 'Cheating'과 '날(日)'이라는 뜻의 'Day'가 합성되어 만들어진 용어로, 식단 조절 중 부족했던 탄수화물을 보충하기 위해 1~2주에 한 번 정도 먹고 싶었던 음식을 먹는 날을 뜻하는 말입니다.",먹고 싶었던 음식을 먹는 날
밀키트,"[meal kit] 식사를 뜻하는 밀 [meal]과 세트라는 의미의 키트 [kit]가 합쳐진 단어로 요리에 필요한 손질된 식재료와 딱 맞는 양의 양념, 조리법을 세트로 구성해 제공하는 제품으로 쿠킹 박스, 레시피 박스라고도 한다.",레시피 박스
MZ세대,"1980년대 초반~2000년대 초반 출생한 밀레니엄(M) 세대와 1990년대 중반~2000년대 초반 출생한 Z세대를 아울러 이르는 말이다. 디지털 환경에 익숙하면서, 아날로그를 경험한 경계 사이에 있는 세대라는 특징을 보인다.",1990년대 중반~2000년대 초반 출생한 세대
원더 윅스,"원더 윅스(Wonder weeks)는 아기가 정신적으로 성장하는 시기를 가리키는 말로, 육아의 입장에서는 더 많이 울고 보채는 과정에서 부모를 가장 힘들게 하는 때를 말한다.",정신적으로 성장하는 시기
간선 상차,간선 상차란 터미널 간의 화물을 운반하는 대형 화물차에 물품을 실은 상태 또는 물품을 싣고 출발한 상태를 말한다. 터미널 간선 상차라는 말은 터미널에서 작업이 끝나고 다시 차에 짐을 실었다는 이야기이다. 반대말로는 간선 하차가 있다.,간선 상차
시가총액,시가총액이란 전 상장주식을 시가로 평가한 것이다. 여기에 개별종목의 시가총액을 말하는 경우와 주식시장 전체의 시가총액은 그 종목의 발행주식수와 주가를 곱한 것으로 그 회사의 규모를 평가할 때 사용한다.,시가총약
오세,공부만 하는 사람을 이르는 말로 대상에 대한 비난의 의미가 다소 포함되어 있는 말입니다.,"공부만 하는 사람, 공부만 했다"
여보,부부간에 서로를 부루는 호칭.'여기 보시오'가 줄어서 된 말이다. ,여보
모멘텀,"주가가 상승하고 있을 때 얼마나 더 상승할 것인지, 또는 주가가 하락하고 있을 때 얼마나 더 하락할 것인지를 나타내는 지표 입니다.",주가지표
화수분,재물이 계속 나오는 보물단지. 그 안에 온갖 물건을 담아 두면 끝없이 새끼를 쳐 그 내용물이 줄어들지 않는다는 설화상의 단지를 이른다.,줄어들지 않는 보물단지
스트리밍,"음악 파일이나 동영상 파일을 스마트폰 따위의 휴대용 단말기나 컴퓨터에 내려받거나 저장하여 재생하지 않고, 인터넷에 연결된 상태에서 실시간으로 재생하는 일. 또는 그런 재생 기술이나 기법. 규범 표기는 미확정이다.",스트리밍
디폴트,"채무자가 공사채나 은행 융자, 외채 등의 원리금 상환 만기일에 지불 채무를 이행할 수 없는 상태. 채무자가 민간 기업인 경우에는 경영 부진이나 도산 따위가 원인이 될 수 있으며, 채무자가 국가인 경우에는 전쟁, 혁명, 내란, 외화 준비의 고갈에 의한 지급 불능 따위가 그 원인이 된다.",디폴트
닝바닝,닝겐 바이 닝겐'의 줄임말입니다.,"사람마다다르다, 상황마다 다름"
룸곡옾눞,폭풍눈물' 종이나 메모장에 쓴 뒤 뒤집어 보시면 '룸곡옾눞'이라고 나오는 말입니다.,폭풍눈물
따상,더블(따불)과 상한가를 합친 말입니다.,두배 상한가
츤데레,"쌀쌀맞고 인정이 없어 보이나, 실제로는 따뜻하고 다정한 사람'을 이르는 말입니다.","쌀쌀하지만 실제로 따뜻하고 다정한 사람, 쌀쌀하지만 실제로 따뜻하고 다정한 사람이"
랜친실안,랜선으로는 친하지만 실제로는 안 친한 관계'의 줄임말입니다.,랜선으로는 친하지만 실제로는 안 친한 관계
완내스,완전 내 스타일'의 줄임말입니다.,완전 내 스타일
비번,비밀번호의 줄임말입니다.,비밀번호
방제,방의 제목의 줄임말입니다.,방제목
까도남,까칠한 도시 남자의 줄임말입니다.,까칠한 도시 남자
걸조,걸어다니는 조각상의 줄임말로 꽃미남을 뜻합니다.,"미남, 미남이"
볼매,볼수록 매력있다의 줄임말입니다.,"볼수록 매력있다, 볼수록 매력, 볼수록 매력이"
생파,생일파티의 줄임말입니다.,생일파티
흉아,형아를 귀엽게 표현한 말입니다.,형
무플,인터넷 게시물에 댓글이 없을 때를 뜻하는 말입니다.,"댓글이 없다, 댓글이 없는 상태"
우왕굳,"재미있거나 호기심 있는걸 볼때 사용하는 것으로, 풀어쓰면 우와 GOOD! 의 의미가 있다.",멋지다
쌩얼,민낯을 표현하는 말로 안경을 안쓰고 화장을 안한 사람의 맨얼굴을 뜻합니다.,화장안한 얼굴
길막,길을 막는다의 줄임말입니다.,"길을 막다, 길을 막는거"
버정,버스 정류장의 줄임말입니다.,버스 정류장
문상,문화상품권의 줄임말입니다.,문화상품권
깜놀,깜짝 놀랐다의 줄임말입니다.,깜짝 놀랐다
반삭,삭발보다 길고 스포츠형보다는 짧은 머리모양을 뜻하는 말입니다.,짧은 머리
병맛,"병맛은 대한민국의 인터넷 신조어로, '병신같은 맛'을 줄인 말이다. '맥락 없고 형편없으며 어이없음'을 뜻한다.","어이없음, 병신같은 맛"
OTL,사람이 무릎꿇고 좌절하고 있는 모습을 표현 O = 사람머리 T = 팔  L→ 무릎꿇은다리 뜻하는 말입니다.,좌절
레알,Real을 그대로 읽은 것으로 '정말 진짜'의 의미입니다.,정말
므흣,"수상쩍은 미소, 마음이 흡족하다는 의미입니다.","흡족, 만족"
버카층,버스 카드 충전의 줄임말입니다.,버스카드충전
킹왕짱,지존 1인자를 표현하며 아주 대단하거나 기이한 사람 또는 사물을 표현입니다.,대단한 사람
차도남,차도녀 차가운 도시 남자. 차가운 도시 여자의 줄임말입니다.,차가운 도시 남자
간지나다,폼 난다. 뽀대나다와 비슷한 말입니다.,멋지다
놀토,노는 토요일의 줄임말입니다.,노는 토요일
버닝,"열정적으로, 열렬히, 엄청나게 빠져있음을 뜻합니다.",열정
무개념,개념이 없다는 줄임말입니다.,"개념이 없다, 생각없는 사람"
냉무,"내용이 무(없다)는 뜻으로, 제목이 곧 내용이라는 '제곧네'와 같은 의미입니다.",제목이 곧 내용
크크로삥뽕,"ㅋㅋㅋㅋㅋㅋㅋ'와 같은 의미로, 웃는 표현이며 상대를 약 올릴 때 사용되기도 합니다.",재밋다!
머장,대장이라는 글자를 생긴 대로 바꾼 것이다,대장
관태기,관계와 권태기를 합성한 단어이다,관계의 권태기
무민세대,소소한 가치를 추구하며 살아가는 세대를 지칭하는 말이다,소소한 가치를 추구하며 살아가는 세대
얼로너,모든 것을 혼자서 즐기는 사람을 뜻하는 단어입니다.,모든 것을 혼자서 즐기는 사람
띠용,분위기가 갑자기 어리둥절 해질 때 사용하는 단어입니다.,어리둥절
부린이,부동산과 어린이의 합성어입니다. 부동산을 투자하고 공부하는 초보자를 말합니다. 부동산을 모르는 어린이가 부린이입니다.,부동산 초보자
하차감,승차감과 반대로 자동차에서 내릴 때 느끼는 감정입니다.,차에서 내릴 때 감정
네오 싱글족,경제력과 디지털 활용 능력을 바탕으로 독신 문화를 만끽하는 독신주의 세대라는 뜻입니다.,경제력과 디지털 활용 능력을 바탕으로 독신 문화를 만끽하는 독신주의 세대
싫존주의,싫어하는 취향도 당당히 밝히고 서로 존중해주는 젊은 세대를 가리키는 말입니다.,싫어하는 취향도 당당히 밝히고 서로 존중해주는 젊은 세대
와우내,놀라운 감정을 귀엽게 표현한 신조어입니다.,놀랍다
힙찔이,"힙합+찌질이힙합 장르의 예술 행위를 주로 영위하거나 감상하는 사람들 중 악질적인 자들을 비하하는 멸칭.당연하지만 모든 힙합 리스너들이 힙찔이는 아니니, 사용하는 데 주의를 요하는 표현입니다.","힙합에 대해 제대로 이해하지 못하고 민폐를 끼치는 사람들, 바보"
뽐뿌,어떤 것을 매우 사고 싶다는 의미로 사용됩니다.,"구매욕, 사고싶다"
ㅈㄴㄱㄷ,지나가던 사람이라는 뜻입니다.,지나가던 사람
거피셜,거의 오피셜이라는 뜻의 줄임말입니다.,거의 오피셜
돌밥돌밥,밥 차리고 상 치우고 돌아서면 밥 차려야 한다는 뜻의 줄임말이다.,밥 차리고 상 치우고 돌아서면 밥 차려야 한다
디지털 단식,디지털 매체를 의도적으로 사용하지 않는 일이라는 뜻입니다.,디지털 매체를 의도적으로 사용하지 않는 일
떡락,가치가 급격히 하락하는 것을 뜻합니다.,급격히 하락
방방봐,방송은 방송으로 봐라 라른 뜻입니다.,방송은 방송으로 봐라
사축,회사가 사육하는 동물이라는 의미합니다.,회사가 사육하는 동물
실어증,일하기 싫어증이라는 뜻으로 사용합니다.,"일하기 싫어, 일하기 싫은"
오저씨,오빠와 아저씨' 나이 차이가 애매한 사람을 부를 때 사용하는 말입니다.,나이 차이가 애매한 사람 
페이스펙,외모도 곧 스펙이다라는 뜻으로 사용됩니다.,외모도 곧 스펙
대유잼,엄청나게 재미있음을 뜻하는 말입니다.,"엉청 재밋음, 엉청 재밋지"
재질,물건이나 사람의 특성을 표현할 때 사용되는 말입니다.,"재질, 특성"
임포스터,게임 'Among Us'에서 배신자 역할을 하는 Imposter를 줄여 말합니다.,배신자
임포,게임 'Among Us'에서 배신자 역할을 하는 Imposter를 줄여 말합니다.,배신자
기억조작,"어떤 상황을 직접 겪은 듯한 착각이 들 때 사용하는 말. 주로, 노래, 영화, 드라마, 인물 등을 보고 사용됩니다.",기억조작
혈중마라농도,마라탕 열풍으로 나타난 신조어. 마라 섭취량을 뜻합니다.,마라 섭취량
레제,레이저 제모의 줄임말입니다.,레이저 제모
점메추해,점심 메뉴 추천해 주세요/점심 메뉴 추천해줘라는 뜻입니다.,점심 메뉴 추천해줘
넉살족,언제든지 넉살좋게 살아가는 종족입니다.,넉살좋은 사람
퇴튜던트,퇴근 후 공부하는 직장인의 줄임말입니다.,퇴근 후 공부하는 직장인
빡살족,뭐든지 빡세게 (열심히) 살아가는 종족입니다.,"뭐든지 열심히 살아가는 종족, 뭐든지 열심히"
돈미새,돈에 미친 'ㅅㄲ'입니다.,돈을 밝히는 사람
킹리적 갓심,합리적 의심을 강조하는 말 (KING : 왕 / GOD : 신)입니다.,합리적 의심
킹직히,완전 솔직히 강조 표현입니다.,완전 솔직히
원마일웨어,실내복이지만 집과 가까운 거리에는 외출복으로도 입을 수 있는 가벼운 옷차림입니다.,가벼운 옷차림
어퍼웨어,허리 위만 차려입으면 된다는 재택근무의 옷차림이라는 뜻입니다. EX) 양복재킷에 잠옷바지 (재택근무 화상회의 시),"재택근무의 옷차림, 허리 위에만 차려입어"
방구석 여포,사회에서는 매우 소심하지만 인터넷이나 특정 집단에서만 강한 사람입니다.,사회에서는 매우 소심하지만 인터넷이나 특정 집단에서만 강한 사람
와우네," ""감탄사 wow 네""입니다.",멋지네
맥세권 ," 맥도날드 배달가능 지역""이라는 뜻입니다.",맥도날드가 근처있는 지역
아이데이션," 구글링하다 네이버에게 묻다""라는 뜻입니다.",구글링하다 네이버에게 묻다
아이데이션하다," 구글링하다 네이버에게 묻다""라는 뜻입니다.",구글링하다 네이버에게 묻다
아이엠 그루트, 가디언즈 오브 갤럭시 의 캐릭터 그루트 에서 나온 말로 할 말은 많지만 하지 않겠다 라는 뜻입니다.,할 말은 많지만 하지 않겠다
ㄴㅇㄱ, 깜짝놀랄 때 쓰는 말입니다.,놀랍다
Latte is horse, 라떼는 말이야 > 나때는 말이야라는 뜻입니다.,"나때는 말이야, 옛날에는 말이야"
워라벨, 일과 삶의 균형 ' Work-life balance 이라는 뜻입니다.,일과 삶의 균형
저또지,"저거 또 지랄하네'의 줄임말, 주로 회사 메신저에서 자주 사용됩니다.","저거 또 지랄하네, 지랄"
남나깡,"남자는 나이가 깡패다'의 줄임말로, '남자는 나이가 어릴수록 좋다.'라는 의미입니다.","남자는 나이가 깡패다, 남자는 나이가 깡패"
빼박,"빼도 박도 못한다'의 줄임말로, 빼지도 박지도 못하는 상황을 의미합니다.",빼도 박도 못한다
빌런,"영어 단어 'Villain', 악당이란 뜻에서 유래되었으며, 인터넷상에서는 무언가에 집착하거나 특이한 행동을 하는 사람을 일컫는 말로 사용됩니다.",특이한 행동을 하는 사람
현피,"현실' + 'PK(Player Kill)'의 합성어로, 주로 게임에서 시비가 붙은 사람들이 실제로 만나서 싸우는 일을 말합니다.",실제로 만나서 싸움
팩력배,팩트 + 폭력배'의 합성어입니다.,비판적이고 직설적인 사람
아아,아이스아메리카노 줄임말입니다.,아이스아메리카노
여미새,여자에 미친 ㅅㄲ의 줄임말입니다.,"여자을 밝히는 사람, 여자을 밝히는 사람이"
남미새,남자에 미친 ㅅㄲ의 줄임말입니다.,"남자을 밝히는 사람, 남자을 밝히는 사람이"
제길슨,제기랄' 이란 욕을 '제이슨'이란 일반명사와 섞어 순화시킨 말입니다.,제기랄
십덕후,일본말로 어긴가에 깊게 빠져있는 폐인들을 지칭하는 말로 쓰이는 오타쿠(대체로 일본 애니나 비다오 게임에 빠진 사람들)오타쿠란 말이 우리나리에 익숙하게 오덕후란말로 변형되어 사용되고 있고 오덕후를 넘어선다고 해서 십덕후하고 합니다.,한 분야에 매우 깊게 빠져있는 사람
버로우,"버로우는 스타크래프트에 나오는 저그종족의 하이딩스킬인 버로우에서 나온 말인데, 일반적으로 자신 있게 떠벌리다가 약점이 발견되어 자취를 감출때, 적절하지 못한 행동이나 언행으로 인해 모습을 감출 때 쓰이는 말입니다.","숨다, 숨어, 숨는거"
앨범깡,앨범깡은 앨범을 열어서 그 안으 구성품 등을 확인하는 작업입니다.,앨범 포장지 뜯기
택배깡,택배깡은 택배를 뜯어서 확인하는 작업입니다.,택배 물품확인
희얼사,흐연사는 팬들 사이에서 사용되는 말입니다. 희귀한 연애인 사진의 줄임말입니다.,희귀한 연애인 사진
돈쭐,돈으로 혼쭐을 내다 라는 줄임말입니다. 혼쭐내다라는 표현은 잘못한 일에 대해 쓰는데 돈쭐은 반대로 선해에 가까운 표현입니다. 좋은 일을 하는 기업이나 브랜드등의 있을때 돈쭐 내주자라며 구매하는 행위를 말합니다., 좋은 일을 하는 기업이나 브랜드 제품 구매
마스크피싱,마스크와 낚시가 합쳐져 만들어진 신조어로 마스크를 착용한 얼굴이 더 좋아보이야해요? 그래야 사람들이 이해하죠. 라는 뜻입니다.,"마스크 쓴 얼굴에 사기를 당했다, 마스크 쓴 얼굴"
오뱅있,오늘 방송 있나요?의 줄임말입니다.,오늘 방송 있나요?
오뱅알,오늘 방송 알찼다의 줄임말입니다.,오늘 방송 알찼다
트수,트위치를 보는 사람이라는 뜻입니다.,트위치를 보는 사람
그스그청,그 스트리머에 그 시청자(트수) 비슷한 성향을 가진 스트리머/시청자. 라는 뜻입니다.,그 스트리머에 그 시청자
영도,영상 도네이션이라는 뜻입니다.,영상 도네이션
음도,음성 도네이션이라는 뜻입니다.,음성 도네이션
오겜무,오늘 게임 무엇이라는 뜻입니다.,"오늘 게임 무엇, 오늘은 어떤 게임하나요"
버근가,버그인다. 게임에서 예상 밖 상황에 쓰는 말입니다.,"예상 밖에 일이야, 예상 밖"
방플,방송 플레이. 시청자 참여 게임 참여자가 스트리머의 방송을 보며 플레이하는 것입니다.,방송 플레이
대장,거래금액이 높아지는 것을 주도적으로 나타내는 아파트를 뜻하는 단어입니다.,아파트
꾸자사모,"꾸준히 자산을 사서 모으자 줄임말. 주식, 코인과 부동산 등을 매입해 중장기적으로 보유하는 재테크 전략이나 이 같은 투자 방법을  고수 하는 사람을 일컫는 말입니다.","주식, 코인과 부동산등 투자를 하는 사람"
내러티브 자본,"내러티브 자본은 갈수록 커지는 서사(narrative) 힘을 강조합니다. 브랜딩이나 정치 영역에서 자기만의 서사를 내놓을 때 대중의 주목을 받고 확고한 지기 스토리가 기업, 개인의 경쟁력이 된다고 말합니다.",갈수록 커지는 서사
실재감테크,"갓의 공간 창조. 실제보다 더 진짜 같은 가상의 공간을 창조하는 기술을 말한다. 이 말은 가상 인간인 로지도 포함되며, 넓은 의미로는 메타버스 까지 속하고, 생활 스펙트럼을 확장시키는 기술입니다.",가상의 공간을 창조하는 기술
멈춰!,"학교폭력 예방대책 메뉴얼에 제시된 표어로, 동급생이 학교폭력을 저지르는 현장을 목격했을 때 외치도록 교육하는 구호입니다.",그만해
한국인이 좋아하는 속도,한국인 특유의 빨리빨리 문화에서 유래된 유행어입니다.,빠른속도
박박,대박대박의 줄임말입니다.,대박대박
짜짜,진짜진짜의 줄임말입니다.,진짜진짜
먹요일,다이어트 가간 중에 하루는 다이어트 식단과 관계없이 마음껏 먹을수 있는날이라는 뜻입니다.,먹는날
시심비,"시간대비 만족 한자로, 시간시 마음심 비교할비의 한자말을 엮어 투자한 시간에 비해 만족한다로 쓰입니다.",시간대비 만족
상상코로나,목이 칼칼하거나 재채기만 나도 코로나를 의심하게 되는 현상을 말합니다.,"코로나 의심, 감기증상,"
코로나 레드,코로나로 인해 생겨날수 있는 우울감이나 무기력증 뜻하는 코로나 블루를 넘어선 상태입니다.,"코로나로 인한 우울감, 코로나 때문에 우울한"
0.5 가구,업무나 휴식을 위해 여행 출장 등으로 자주 집을 비우게 되는 1인 가구를 의미합니다.,자주 집을 비우는 가구
핀테크,파이낸스 finance과 테크놀로지 technology를 합한 금융 용어입니다.,핀테크
무지성,진격의 거인 지서이 없는 거인 밈의 시작으로 널리퍼진 유행어입니다.,"생각없는, 생각없이, 생각없다"
제로투댄스,2019년 말에 제작된 인터넷 밈으로 서로 연관성이 없는 노래와 춤입니다.,제로투댄스
한심좌,"1억대의 틱톡 팔로우를 가지고 있으며, 6133만 인스타그램 팔로워를 보유중인 이탈리아의 틱톡커, 주로 올리는 영상은 틱톡에 자주 올라오는 영상의 종류인 일을 일부러 이상히게 퍼리한느 영상을 한심하다는 표정과 함께 비꼬듯 바로잡는 영상이다. 잘못된 일을 바로잡은 후엔 이걸 좀 보라는 듯한 메시지의 손짓을 하며 게임 영상 드에선 헤드셋을 내려 놓거나 다른 배역을 섭외하는 등 틱톡에 뻘짓이 올라올수록 영상이 발전해나가고 있다. 특유의 한심하다는 표정과 특유의 손짓이 워낙 적절하여 튼 인기를 끌어 틱톡의 다른 영상에도 그의 영상을 편집해 붙이거나 비슷한 컨셉으로 패러디 하는 인물도 많다라는 뜻입니다.","한심하다, 한심"
라고 할뻔,메이플스토리 갤러리에서 유래가 죈 드립으로 하고 싶은말을 다 해놓고서 갑자기 하고 할뻔이라며 2차로 상대를 역올린는 드립입니다.,라고 할뻔
그런건 없다 게이야,"그런 거 없다 + 게시판 이용자의 합성어로 2021년 상반기부터 디시인사이드 등지에서 유행하기 시작한 낚시 드립이다. 글쓴이가 다른 사람을 놀리기 위해 해당 커뮤니티의 이용자들이 환호할 만한 호재가 일어났다는 내용의 제목 낚시가 동반되고 이에 기대하여 본문을 누른 사람들을 그런건 없다 게이야 하는 문구가 맞아주고, 강호동의 나만 아니면 돼, 페페콘을 사용해가며 신명나게 놀리는 내용으로 웃음을 유발하는 글입니다.",그런건 없다
깊꾸,깊꾸는 기프티콘 꾸미기의 줄임말로 친구들에게 기프티콘을 선물할 때 인식할 수 있는 바코드 부분에 그림이나 스티커로 꾸며 주는 것을 의미합니다.,기프티콘 꾸미기
쭈빠삐무네,chupapi munyanyo. 틱톡에서 낯선 사람에게 다가가 쭈빠삐무녜뇨 라고 말하는 몰래카메라 영상이 인기를 끌며 사용하기 시작한 단어로 아무런 의미 없이 그냥 하는 말이라고 합니다.,쭈빠삐무네
이모카세,이모와 맡긴다는 의미의 오마카세가 합쳐진 신조어로 을지로 일대의 노포들이나 가맥집에서 가게 주인들에게 안주 일체를 맡기는 것을 의미합니다.,가게주인에게 맞긴다
나노사회,우리 사회가 개개인으로 조각나 있다는 의미입니다.,나노사회
머니러시,요즘은 회사 다니면서 주식도 하고 유트뷰도 하는  사람이 넘쳐난다. 이렇게 투자와 투잡으로 수입의 파이프라인을 여러 개 꽂는 현대인을 나타낸 단어입니다.,머니러시
반박,반말 모드 발탁이라는 뜻입니다.,반말 모드
ㅇㅈ, 인정이라는 뜻입니다.,인정
ㅇㄱㄹㅇ ㄹㅇㅍㅌ ㅂㅂㅂㄱ, 이거리얼 리얼팩트 반박불가의 초성을 따온것입니다.,이거 정말이야 반박불가
ㄴㅈ, 노잼의 초성입니다.,"재미없다, 따분"
ㅇㅇ," ""응? 왜? "" 와 ""응 그래 2가지 입니다.",그래
ㄴㄴ, 노노의 줄임말입니다.,아니야
ㄱㅆ,글쓴이의 줄임말입니다.,글쓴이
ㄷㄷㄷㅈ, 두둥등장 의미의 줄임말입니다.,두둥등장 
ㄲㅂ, 까비 아깝다는 뜻입니다.,아깝다
ㅋㅋㄹㅃㅃ, 크크루삥뽕 의 웃음소리를 글로 표현한 것입니다.,크크루삥뽕
ㅅㅊㅇ, 서치용 또는 검색용입니다.,"서치용, 검색용"
ㅗㅜㅑ, 오우야~! 놀랄만한 일을 봤을 때 표현하는 말입니다.,놀랍다
ㄱㅅ, 감사하다는 뜻입니다.,감사합니다
ㅁㅊㄷ , 미쳤다의 초성입니다.,미쳤다
ㄱㄱ, 고고의 초성입니다. 가자라는 뜻입니다.,가자
ㅇㅎ, 아하~ 뭘 깨달았을 때 표현하는 말입니다.,아하
ㅅㅅ, 굿 샷 처럼 잘했다는 의미로 쓰입니다.,잘했어
ㄱㅇㄱ, 개웃김의 초성체 입니다. 졸라 웃긴다는 말입니다.,정말 웃기다
팬슈머,제품 기획부터 소비까지 함께하는 소비자 입니다.,제품 기획부터 소비까지 함께하는 소비자
에어노마노족,미세먼지나 오염이 없는 깨끗한 공기를 찾아가는 사람들을 뜻합니다.,깨끗한 공기를 찾아가는 사람
후득,게임에서 죽어서 아이템을 잃는 것입니다.,"게임에서 죽어서 아이템을 잃는 것, 죽어서 아이템을 잃었어"
혈랭,기운이 빠졌을 때 하는 말입니다.,기운 빠진다
훔바훔바,제라드의 리버풀 우승 실패와 관련된 별명입니다.,훔바훔바
가세연,가세요의 귀여운 버전입니다.,가세요
기갈,배고픔과 목마름을 동반하는 상태입니다.,배고픔과 목마름을 동반하는 상태
미시,미시(Missy) 구어체로 미혼 여성처럼 보이는 기혼 여성을 일컫는 말입니다.,기혼 여성
시고르자브종,"점잖게(?) '변견'으로, 요즘은 '시골잡종'을 외국어스럽게 변형하여 '시고르자브종(Sigor J'abson)' 이라는 고급 어휘(?) 로 바꿔 말하기도 한다.",시골 잡종 강아지
배대지,해외에서 직구한 물건을 배송 대행해 주는 장소이라는 뜻입니다.,해외에서 직구한 물건을 배송 대행해 주는 장소
실비김치,실비김치의 '실비'는 실비보험에서 유래하며  실제 드는 비용을 가리키는 표현이라는 뜻입니다.,실비김치
쯤쯤바리,아주 적은 양의 살을 의미하는 표현이라는 뜻입니다.,아주 적은 양
흘리몰리과카몰리,흘리몰리는 놀라움을 표현할 때 사용하는 감탄사에 매시코 요리인 과카몰리를 결합한 표현이라는 뜻입니다.,"정말 놀랍다, 깜짝 놀람"
리시틱 리이프,자연친화적 시골향 라이프스타일이라는 뜻입니다.,자연친화적 라이프
헬시플레저,건강과 다이어트를 선호하면서 힘든 과정을 피하는 성향이라는 뜻입니다.,건강과 다이어트를 선호하면서 힘든 과정을 피하는 성향
엑스틴 이즈 백,새로운 40대가 자신의 10대 자녀와 공유하는 라이프스타일이라는 뜻입니다.,"40대가 자신의 10대 자녀와 공유하는 라이프스타일, 자식과 친한 사이"
리이크커머스,인플루언서가 온라인에서 상품을 판매하는 상시 쇼핑 시대이라는 뜻입니다.,"인플루언서가 온라인에서 상품을 판매,온라인에서 상품을 판매하는 상시 쇼핑 시대, "
선취력,먼저 착함을 취하는 성향이라는 뜻입니다.,착함을 취하는 성향
판플레이,콘텐츠를 단순히 보는 것이 아닌 모두가 참여하는 놀이입니다.,"모두가 참여하는 놀이, 참여하는 놀이"
클라우드 소비,구독을 통한 공유로 소비하는 개념이라는 뜻입니다.,"구독을 통한 소비, 구독결제"
스푼,라디오 플랫폼입니다.,스푼
그린워싱,실제로는 환경에 악영향을 끼치지만 환경적인 모습으로 포장하는 것이라는 뜻입니다.,환경에 악영향을 끼치지만 환경적인 모습으로 포장
플로깅,"조깅하면서 쓰레기를 주우는 활동이라는 뜻입니다, 쓰레기 주무면서 조깅합니다.",조깅하면서 쓰레기를 주우는 활동
무라벨,라벨 없이 나오는 제품입니다.,라벨 없는 제품
펫파라치,반려동물과 파파라치의 합성어로 반려견 주인들에 대한 신고 제도입니다.,반려견 주인들에 대한 신고
펫펨족,반려동물을 진짜 가족처럼 소중하게 생각하는 사람들을 표현하는 말입니다.,"반려동물을 진짜 가족처럼 생각하는 사람, 반려동물을 진짜 가족처럼 생각하는 사람들"
뷰니멀족,인터넷상에서 반려동물 문화를 즐기는 사람들을 지칭하는 말입니다.,"인터넷상에서 반려동물 문화를 즐기는 사람, 인터넷상에서 반려동물 문화를 즐기는 사람들"
펫데리어,고양이와 닮은 MZ 세대를 의미하는 말  자신의 기준과 취향에 따라 소비를 하는 성향입니다.,고양이와 닮은 MZ 세대
우심손까,우리 심심한테 뽀뽀나 할까라는 뜻입니다.,우리 심심한테 뽀뽀나 할까
반맞반틀,반은 맞고 반은 틀렸다라는 뜻입니다.,반은 맞고 반은 틀렸다
닥눈삼,닥치고 눈팅 삼개월라는 뜻입니다.,닥치고 눈팅 삼개월
채티,채팅형 소설을 쓰고 읽는 어플 사용자라는 뜻입니다.,채팅형 소설 이용자
피코,피해자 코스프레의 줄임말 입니다.,피해자인척하는 사람
짬바,짬에서 나오는 바이브  오랜 내공입니다.,"오랜 경험, 오랜 내공"
방구석여포,방구석에서만 용맹하고 오프라인에서는 약한 사람이라느 뜻입니다.,방구석에서만 용맹하고 오프라인에서는 약한 사람
후렌드,온라인에서 처음 본 사람과 친구가 되는 것을 지칭합니다.,"온라인에서 처음 본 사람과 친구가 되는 것, 온라인 친구"
편도족,편의점에서 도시락으로 식사하는 사람들이라는 뜻입니다.,"편의점에서 도시락으로 식사하는 사람, 편의점에서 도시락으로 식사"
ㄱㄷ,기다려의 줄임말입니다.,기다려
ㄱㅊ,괜찮아의 줄임말입니다.,괜찮아
간지,스타일 난다. 뽀대아다와 동의어로 일본어 간지에서 유래하였습니다.,멋
개그몬,개그맨과 탤런트의 합성어로 개그맨들의 활약을 강조합니다.,개그맨들의 활약
갠소,개인소장의 줄임말입니다.,개인소장
걸바,걸바(걸어다니는 바비인형)의 줄임말이며 예쁜 여자를 뜻합니다.,예쁜 여자
군대리아,군대와 롯데리아를 결합한 말로 군대에서 일주일에 1~2번 나오는 특식입니다.,군대리아
급짜식,급하게 짜게 식어간다 의 줄임말입니다.,급하게 짜게 식어간다
까리하다,잘 생기고 센스 있고 멋있어 보인다입니다.,멋지다
깝ㄴㄴ,깝치지 마세요  까불지 마세요 의 줄임말입니다.,깝치지 마세요
꼬댕이,공부도 못하고 놀지도 못하는 학생이라는 뜻입니다.,공부도 못하고 놀지도 못하는 학생
꼽추다,창피하게 하다라는 뜻입니다 핀잔을 주다입니다.,핀잔을 주다
낚다,다른 사람을 속임이라는 뜻입니다.,속이다
네가지,"싸가지'는 '싹+아지'의 형태로 보는 게 정설이다. '세상 모든 여자들이 싫어하는 조건(인기없음, 촌티, 뚱뚱함, 키 작음)을 한 가지씩 가지고 있는 남자들'의 이야기를 담은 '네가지'입니다.",염치가 없다
넷심,인터넷 상의 다수의 여론  또는 여론몰이 입니다.,인터넷 상의 다수의 여론
노무족,40~50대의 남성들을 일컫는 말로 더이상 아저씨가 아닌 현대적인 중년 남성을 의미합니다.,현대적인 중년 남성
님선,당신이 먼저. 어떤 일을 하기에 난감할 때 상대에게 먼저 하라고 권하는 말입니다.,"당신이 먼저, 먼저 하세요"
ㄷㄷ,무섭거나 놀랍다는 표현입니다.,너무 무섭다
닥버로우,닥치고 버로우하다의 줄임말입니다.,"조용히 숨으세요, 숨김"
닥저,인터넷에서 좋은 자료를 무조건 저장하는 표현입니다.,무조권 저장
닥쳐 말포이,싹수가 없거나 빈정대는 사람을 보고 면박을 줄 때 쓰는 표현입니다.,조용히해
돌직구,직설적으로 표현함입니다.,"직설적으로 말하다, 직설적으로 하는 말"
뒤땅,뒤에서 욕을 하거나 모함을 함입니다.,뒷담화
뒷간,앞에서는 잘해주는 척하다가 뒤에 가서 험담을 함입니다.,험담
드라마 퀸,과장되게 감성적인 여성을 드라마 여주인공처럼 지칭하는 말입니다.,드라마 여주인공
맞삭,블로그나 미니홈피에서 서로 친구 관계 삭제라는 뜻입니다.,친구 관계 삭제
먼치킨,강한 케릭터 및 능력자를 지칭하는 말입니다.,강한 케릭터
반팅,다른 사람의 미니홈피에 방문하여 나를 방문하도록 요청하는 말입니다.,"미니홈피에 방문하여 나를 방문하도록 요청, 나를 방문해주세요"
아웃오브안중,관심이 없다  신경을 쓰지 않는 의미라는 뜻입니다.,신경쓰지 않는다
악플러,다른 사람이 올린 글에 악성 비난  비방의 글을 올리는 사람을 지칭하는 말입니다.,비방의 글을 올리는 사람
안물,기분 나쁜 말  상대방이 기분을 상하는 말을 했을 때 안 물어 봤어라는 의미입니다.,안물어봤어요
알파걸,남성을 능가하는 능력을 가진 엘리트 여성을 지칭하는 말입니다.,엘리트 여성
양끗,매우 엄청 많이  긍정적인 수식어로 사용합니다.,정말 좋아
엑박,인터넷에 있는 사진  동영상 등의 자료가 삭제되었거나 경로를 알 수 없을 때 쓰는 말입니다.,경로 알수없음
투투,"투투'라고 해서 학생들이 많이 챙기는 기념일. 학생들은 보통 100일 넘기기도 힘드니까 22일을 기념하는 날. 또 만난 지 50일, 100일, 200일, 300일, 1년, 2년을 챙기기도 하고. 그래서 100일 날에는 친구들이 100원을 줌입니다.","22일, 22"
키보드워리어,인터넷에서 활발하게 활동하면서 실제 생활에서는 소심한 성격을 가진 사람을 풍자하는 표현입니다.,인터넷에서 활발하게 활동하면서 실제 생활에서는 소심한 성격을 가진 사람
신흥얼,신흥+얼간이의 합성어로 사용되는 신조어입니다.,바보
변죽,가장자리  물건의 가장자리를 의미하는 말입니다.,가장자리
낫닝겐,아주 멋지거나 훌륭해서 인간이 아닌 듯한 사람을 지칭하는 말입니다.,"너무 멋져, 너무 멋진 사람"
넘나,너무나의 줄임말입니다.,너무나
따아,따듯한 아메리카노의 줄임말입니다.,따듯한 아메리카노
대민만,대한민국 만세의 줄임말입니다.,대한민국 만세
명존세,명치를 매우 세게 때리고 싶다입니다.,"정말 화난다, 화가나서 세게 때리고 싶다, 화가나서 세게 때리는"
머머리,대와 머의 비슷함을 이용한 말. 대머리=머머리=머대리입니다.,대머리
맥날,맥도날드의 줄임말입니다.,맥도날드
믿거페,믿고 거르는 페이스북입니다.,"페이스북은 좋지 않아,  믿고 거르는 페이스북, 믿고 걸러야 하는 페이스북"
복붙,복사 붙여넣기의 줄임말입니다.,복사 붙여넣기
센송,"""조센징이라 죄송합니다"" 의 줄임말. 두 글자로 줄여서 센송이라고 합니다.",한국인이라 죄송합니다.
사못쓰,4할도 못 치는 쓰레기입니다.,4할도 못 치는 쓰레기
시강,시선강탈의 줄임말입니다.,시선강탈
세젤귀,세상에서 제일 귀여운의 줄임말입니다.,"세상에서 제일 귀여움, 세상에서 제일 귀엽다"
사이다,답답했던 속이 뻥 뚫린 상황에 쓰는 말입니다.,"시원하다, 속이 뚫린다, 속시원"
새등,새벽 등교의 줄임말입니다.,새벽 등교
새터,새내기 배움터의 줄임말입니다.,새내기 배움터
스리벨,스터디 앤드 라이프 밸런스(공부와 삶의 균형) 라는 뜻의 말입니다.,공부와 삶의 균형
인구론,인문계 90%가 논다 라는 뜻에 말입니다.,인문계 90%가 논다
안진마,안 진다는 마인드의 줄임말입니다.,안 진다는 마인드
어쩔안물,어쩌라고 안물어봤다의 줄임말입니다.,어쩌라고 안물어봤다
ㅇㅈㅇㅇㅈ,인정? 응인정의 줄임말입니다.,인정? 어 인정
안무안궁,안 물어봤고  안 궁금하다의 줄임말입니다.,"안 물어봤고  안 궁금하다, 안 물어봤고  안 궁금해"
좋페,좋아요 페이스북 메세지 줄임말입니다.,좋아요 페이스북 메세지
장미단추,멀리서 보면 미남  미녀 가까이서 보면 추남  추녀 라는 말입니다.,"멀리서 보면 미남  미녀 가까이서 보면 추남  추녀,"
존예,존X(비속어) 예쁘다의 줄임말입니다.,"매우 예쁨, 너무 예쁘다, 너무 예쁜 여자"
존잘,존X(비속어) 잘 생겼다의 줄임말입니다.,"매우 잘생김, 너무 잘생겼다"
존잘러,존X(비속어) 잘생긴 + 사람의 줄임말입니다.,"매우 잘생긴 남자, 정말 잘생겼다"
전차스,전자파 차단 스티커의 줄임말입니다.,전자파 차단 스티커
치깅스,치마레깅스의 줄임말입니다.,치마레깅스
핼조선,헬(hell : 지옥) + 조선의 합성어로 한국은 지옥같이 살아가기 힘든 사회라는 의미입니다.,살아가기 힘든 한국사회
금설리,글쓴이를 설레게 하는 리플(댓글) 이라는 말입니다.,글쓴이를 설레게 하는 댓글
금사빠,금방 사랑에 빠지는 사람을 지칭 하는 말입니다.,금방 사랑에 빠지는 사람
모솔,모태 솔로  태어나서 한 번도 이성친구가 없었던 사람 이라는 말입니다.,모태솔로
십장생,10대도 장차 백수를 생각해야 한다 라는 말입니다.,"백수 될것도 생각해야지, 장차 백수를 생각"
쩐다,한가지 일에 능통하다. 대단하다. 라는 뜻에 말입니다.,대단하다
근자감,내가 다 해결할 수 있다 는 근거 없는 자신감이라는 말입니다.,"자신감, 근거없는 자신감"
오하운,오늘 하루 운동 이라는 말입니다.,오늘 하루 운동
ㅋㅋ루삥뽕,트위치에서 사용되는 유행어로 놀릴 때 쓰이는 신조어입니다.,ㅋㅋ 루삥뽕
이것은 못 참지,댓글이나 채팅에서 자주 사용되는 공감의 유행어입니다.,이건 못 참지
따상상,주식에서 사용되는 속어로 공모가의 두 배로 가격이 올라 상한가까지 주가가 오른 것을 의미합니다.,주가 오름
채채봐,유튜브에서 많이 사용되는 신조어로 방송과 채팅을 그냥 그렇게 둬라는 의미입니다.,채팅을 그냥 그렇게 둬
ㅈㅂㅂㅇ,정보 좀 요의의 줄임말로 인터넷상에서 정보를 구걸할 때 사용됩니다.,정보좀 주세요
네다씹,네 다음 씹덕후의 줄임말로 간호사가 다음 환자를 부를 때 사용되는 신조어입니다.,네 다음 환자
역세권,지하철역이나 철도역 주변의 주변 환경 이라는 뜻입니다.,지하철역 주변 세권
미저리같어,외모나 행동이 엉망인 사람을 가리키는 신조어입니다.,"엉망이야, 엉망인 사람"
품미쳤다,다른 사람의 기술이나 외모를 칭찬하는 말을 의미하는 신조어입니다.,정말 잘한다
솜넣이 필요해,어떤 트위터 유저가 '솜넣이 필요해'라며 돈이 필요하다는 내용의 말입니다.,돈이 필요해
먹bread 긴장해라,먹방에서 사용되는 경고하는 의미의 신조어입니다.,"경고한다, 경고"
꾸웨하냐고,꾸웨액?' 은 '후회해?' 라는 뜻이다. 트위터를 중심으로 온라인 커뮤니티에 퍼져나가고 있는 단어입니다.,후회하냐고
꾸웨액?,꾸웨액?' 은 '후회해?' 라는 뜻이다. 트위터를 중심으로 온라인 커뮤니티에 퍼져나가고 있는 단어입니다.,후회해
모에모에귱,음식이 맛있다는 일본식 마법주문을 뜻하는 신조어입니다.,"음식이 맛있네요, 맛있어져라"
드르륵탁,매우 예쁘고 감동적인 모습을 강조하는 신조어입니다.,"감동적인, 감동적이야, 감동적"
얀데레,특정 대상을 집착하는 성격을 의미하는 신조어입니다.,집착하는 사람
알파세대,2011~2025년 사이의 디지털 세대를 지칭하는 신조어입니다.,디지털 세대
아파텔,아파트+오피스텔을 의미하는 신조어입니다.,아파트 오피스텔
대팔대사,부동산 시세가 계속 상승하여 대충 사고 팔아도 손해가 없을 때 사용되는 신조어입니다.,대충 사고 대출 팔아도 이득
헐랭,기운이 빠졌을 때 하는 말입니다.,기운빠짐
초글링,유치한 행동을 뜻하는 신조어로 초딩과 저글링의 비유입니다.,"유치한 사람, 유치한 행동"
오타신강림,피시에서 오타를 계속 칠 때 사용되는 말입니다.,"오타를 많이 치는 사람, 오타 많이 난다"
아사,모르면서도 아는 척 사기치는 것을 의미하는 신조어입니다.,"아는 척 사기치는 것, 아는 척 사기치는 거"
샤방,아릅답게 반짝거리는 미소 또는 모습을 의미하는 신조어입니다.,"반짝거리는, 반짝, 반짝거린다"
사신계,사강신화는 계속된다는 의미의 신조어입니다.,사강신화는 계속된다
뒤간,앞에서는 잘해주는 척하다가 뒤에 가서 뒤늦게 현실이나 우치를 뱉는 행동을 의미하는 신조어입니다.,뒷담화
깜지,종이에 글자를 빽빽하게 써넣는 것을 의미하는 신조어입니다.,체벌
까방권,까임방지권의 줄임말로  비난을 받을 때 한번 용서해주겠다는 의미의 신조어입니다.,"한 번 용서해줄께, 면제권"
킹리적갓심,합리적인 의심을 의미하는 신조어입니다.,합리적 의심
Too much information,필요 이상으로 많은 정보를 알려주기 위해 말이 긴 사람을 의미하는 신조어입니다.,"말이 많은 사람,  말이 너무 많아"
무인세대,소소한 가치를 추구하며 살아가는 세대를 의미하는 신조어입니다.,소소한 가치를 추구하는 세대
언텍트,타인과의 접촉을 피하는 사람을 의미하는 신조어입니다.,비접촉
소울리스좌,영혼없이 정확한 박자에 랩을 부르는 애버랜드 아마존 익스프레스 지권의 닉네임입니다.,소울리스좌
슬라벨,스터디 라이프 밸런스의 줄임말로  공부와 삶의 균형을 맞추겠다는 뜻입니다.,공부와 삶의 균형
무지개 매너,무지와 개매너의 줄임말로 매너가 나쁘다는 의미입니다.,나쁜 매너
추미스,추리  미스터리  스릴러의 줄임말입니다.,추리 미스터리 스릴러
빠대,빠른 태세 전환이라는 말입니다.,빠른 태세 전환
굵밥,굴국밥(메신저 용어) 단어가 합쳐진 말입니다.,굴국밥
오놀아,오~놀 줄 아는 놈인가? 이라는 말입니다.,"오~놀 줄 아는 놈인가?, 잘노는 애"
알아서 잘 딱 깔끔하고 센스 있게,알아서 잘 하세요를 뜻하는말입니다.,"알아서 잘 하세요, 알아서 잘"
KG받네,킹받드라슈 열받는다의 신조어 킹받네의 파생버전입니다.,열받네
내일 봬요 누나,2022년 가장 핫한 프로그램 환승연애2에서 시작된 밈으로 여자 출연자 해은에게 건네는 돌직구 데이트 신청 멘트 입니다.,"나랑 데이트 하자, 저랑 데이트 해요"
감동심해,감동을 심하게 받았다라는 뜻입니다.,"감동을 심하게 받았다, 감동을 심하게 받았어"
재미뿌,재미를 부(뿌)쉈다를 축약한 신조어로 노잼과 같이 재미가 없다는 것을 표현합니다.,"재미가 없다, 재밋가 없, 재미가 없는 거"
구워버린다,죽여버린다  처럼 다소 거칠거나 부정적인 말을 재치 있게 표현할 때 유용합니다.,죽여버린다
꾸짖을 갈,애니메이션 나루토에 나온 대사로 마음에 들지 않는 상황을 위트 있게 제지하는 용도로 사용되는 말입니다.,"마음에 들지 않음,마음에 들지 않아"
킹아,좋아 앞에 오버액션 접두어 킹을 붙인 말로 아주 좋다는 뜻입니다.,"아주 좋다, 정말 좋아"
H워월V,사라해를 위아래로 뒤집으면 H워월V로 보이는 것에서 유래된것 입니다.,사랑해
드르륵 탁,보고 싶은 장면이나 하고 싶은 말을 무한으로 반복해서 강조할 때 사용되는 말입니다.,나 이고 하고싶어요
쯤쯤따리,아주 작고 하찮은 것들을 모으는 모습 또는 티끌모아 태산과 비슷한 의미입니다.,티끌모아 태산
노잼,진짜 노(no)재미없다라는 말입니다.,"진짜 재미없다, 재미없는 것"
마렵다,~원하다. 하고 싶다라는 표현입니다.,"원하다, 하고싶네, 하고싶다"
고렴이,비싼 제품을 일컫는 말입니다.,"비싼제품, 비싼거"
하악하악,훙분할 때 쓰는 수식어 입니다.,하악하악
무지출챌린지,"물가가 급격하게 오르다 보니 플렉스는커녕 소확행, 가성비라는 키워드도 사치처럼 여기는 분위기가 퍼졌다. 더 나아가 돈을 극단적인 수준으로 아끼는 무지출 챌린지가 유행했다. ","무지출 유행 현상, 무지출챌린지, 무지출 도전"
자이언트스텝,"미국의 자이언트스텝 금리 인상으로 인해 글로벌 경제에 파급력을 미치고 있으며, 다른 나라들도 대응하기 위해 금리를 올려야 하는 상황을 일컷는 경제 신조어입니다.",급격한 급리 변화
사탄랠리,"2023년도 주식시장은 기대한 산타랠리가 아닌 사탄랠리로 진행되었으며, 역사적으로 시장은 어려움을 극복해왔고 지금까지 극복하지 못한 위기는 없었음을 비유하는 경제 신조어",악마 같은 주식시장
댓림픽,댓글 + 올림픽 댓글이 아주 많이 달리는 상태 라는 뜻입니다.,"많은 댓글, 많은 댓글 달리는 중"
호모인턴스,인턴만을 반복하는 취업준비생이라는 뜻입니다.+,취업준비생
아빠찬스,"어떤 자녀가 혈연인 부모의 명망, 인맥, 부, 권력 등 사회적 배경을 기회 삼아 이득을 누리는 것을 말합니다.","아버지의 은혜, 부모님 돈"
금손,"손재주가 있어서, 이것 저것 잘 만드는 사람의 손재주를 칭찬하는 말로, 그림이나, 피규어, 굿즈 제작, 일러스트레이터나 포토샵 등을 잘하는 사람들에게 많이 사용되고 있는 신조어입니다. ",손재주가 좋은 사람
신꾸,신꾸는 구멍이 송송 뚫려 있는 크록스 신발을 예로 들 수 있다. 구멍에 지비츠라고 불리는 악세사리를 끼워서 신발을 꾸미는 것이라는 뜻입니다.,신발꾸미기
디깅모멘텀,한 분야에 깊이 파고드는 사람들이 늘고있는 트렌드라는 뜻입니다.,디깅모멘텀
각잡다,시공간적으로 무엇인가를 하기 적절하거나 무엇인가 벌어질 것 같은 상황이나 시기를 뜻한다. 과거에 벌어진 일에는 사용하지 않으며 머지않은 미래에 일어나는 것이 확실할 듯한 상황에 사용합니다.,가능성을 보다
각을 잡다,시공간적으로 무엇인가를 하기 적절하거나 무엇인가 벌어질 것 같은 상황이나 시기를 뜻한다. 과거에 벌어진 일에는 사용하지 않으며 머지않은 미래에 일어나는 것이 확실할 듯한 상황에 사용합니다.,가능성을 보다
ㅆㅅㅌㅊ,(씹상타치): 아주 좋은 실력/품질을 지닌 인물/사물을 이르는 말입니다.,"최고, 최고의 "
ㄹㅇㅍㅌ,레알팩트의 초성으로 정말 사실이다 라는 뜻입니다.,"확실한 사실, 결론, 결론이"
앙 기모띠,일본어로 기분이 좋다라는 뜻입니다.,기분이 좋다
사스가,"일본어로 ""역시"" 라는 뜻입니다.",역시
소으름,소름을 길게 풀어쓴 말입니다.,소름
에바다,"말도 안 된다, 도가 지나치다는 뜻입니다.","말도 안 된다, 도가 지나쳤다."
찐따,"찐따는 어수룩하고 찌질한 사람, 타인과 잘 어울리지 못하는 사람을 뜻하는 비속어입니다.",어수룩한 사람
클라스,주로 자신이 한 행동에 대하여 그 행동의 질이 본인 기준으로 대단하다 느껴질 때 사용하는 말입니다.,나의 수준
풀발,몹시 흥분한 상태 라는 뜻입니다.,"흥분한 상태, 흥분"
빠꾸없다,뒤가 없다라는 뜻입니다.,뒤가 없다
ㄱㅇㄷ,개이득 이라는 뜻입니다.,"매우, 정말로"
ㅆㅇㄷ,씹이득 이라는 뜻입니다.,"매우, 정말로"
ㅎㅇㄷ,핵이득 이라는 뜻입니다.,"매우, 정말로"
ㄱㅆㅇㄷ,개씹이득 이라는 뜻입니다.,"매우, 정말로"
ㄱㄲ,개꿀 이라는 뜻입니다.,"재밋다, 재밋는"
ㄱㄲㅈ,개꿀잼 이라는 뜻입니다.,"재밋다, 재밋는"
ㅎㄲ,핵꿀 이라는 뜻입니다.,"재밋다, 재밋는"
ㅇㅇㄴㅇ,응 아니야 이라는 뜻입니다.,응 아니야
ㄱㅇㅈ,개 인정 이라는 뜻입니다.,정말 인정
ㅆㅇㅈ,씹인정 이라는 뜻입니다.,정말 인정
ㄱㅆㅇㅈ,개씹인정 이라는 뜻입니다.,정말 인정
ㅎㅇㅈ,핵인정 이라는 뜻입니다.,정말 인정
ㅇㅈㄱ,인정각 이라는 뜻입니다.,인정 해야지
ㄴㅇㅈ,노인정 이라는 뜻입니다.,인정 하지 않아
ㅅㅌㅊ,"온라인게임에서 일반공격 또는 타격시 입히는 평균적인 데미지를 의미하는 <평타>에서 파생된 말로 ""~정도면 평타는 치냐?""→""평타치""→ㅍㅌㅊ의 과정으로 준 것. 중간 정도의 수준이라는 의미이다. 상타치와 하타치는 여기에서 다시 파생된 말로 각각 상급수준, 하급수준을 의미합니다.",최고 수준
ㅍㅌㅊ,"온라인게임에서 일반공격 또는 타격시 입히는 평균적인 데미지를 의미하는 <평타>에서 파생된 말로 ""~정도면 평타는 치냐?""→""평타치""→ㅍㅌㅊ의 과정으로 준 것. 중간 정도의 수준이라는 의미이다. 상타치와 하타치는 여기에서 다시 파생된 말로 각각 상급수준, 하급수준을 의미합니다.",중간 수준
ㅎㅌㅊ,"온라인게임에서 일반공격 또는 타격시 입히는 평균적인 데미지를 의미하는 <평타>에서 파생된 말로 ""~정도면 평타는 치냐?""→""평타치""→ㅍㅌㅊ의 과정으로 준 것. 중간 정도의 수준이라는 의미이다. 상타치와 하타치는 여기에서 다시 파생된 말로 각각 상급수준, 하급수준을 의미합니다.",최저 수준
